*t,st,Value
2010,CA,0.168775
2011,CA,0.197283
2012,CA,0.197325
2013,CA,0.197242
2014,CA,0.208537
2015,CA,0.220868
2016,CA,0.245039
2017,CA,0.263927
2018,CA,0.283753
2019,CA,0.302047
2020,CA,0.319335
2021,CA,0.346564
2022,CA,0.373687
2023,CA,0.399432
2024,CA,0.424969
2025,CA,0.453957
2026,CA,0.475200
2027,CA,0.502257
2028,CA,0.527366
2029,CA,0.552474
2030,CA,0.579513
2031,CA,0.579507
2032,CA,0.579500
2033,CA,0.579493
2034,CA,0.579485
2035,CA,0.869217
2036,CA,0.869208
2037,CA,0.869200
2038,CA,0.869196
2039,CA,0.869189
2040,CA,0.917472
2041,CA,0.917468
2042,CA,0.917465
2043,CA,0.917462
2044,CA,0.917461
2045,CA,0.965747
2046,CA,0.965746
2047,CA,0.965746
2048,CA,0.965746
2049,CA,0.965747
2050,CA,0.965748
2010,CO,0.024734
2011,CO,0.061340
2012,CO,0.062494
2013,CO,0.062821
2014,CO,0.062680
2015,CO,0.107166
2016,CO,0.106583
2017,CO,0.106267
2018,CO,0.106865
2019,CO,0.104952
2020,CO,0.194092
2021,CO,0.194082
2022,CO,0.195018
2023,CO,0.193968
2024,CO,0.196129
2025,CO,0.195995
2026,CO,0.197119
2027,CO,0.197265
2028,CO,0.197907
2029,CO,0.198554
2030,CO,0.639064
2031,CO,0.646710
2032,CO,0.654687
2033,CO,0.662580
2034,CO,0.672980
2035,CO,0.682074
2036,CO,0.690935
2037,CO,0.699052
2038,CO,0.703712
2039,CO,0.710197
2040,CO,0.716309
2041,CO,0.722253
2042,CO,0.727803
2043,CO,0.732892
2044,CO,0.737592
2045,CO,0.742106
2046,CO,0.746381
2047,CO,0.750305
2048,CO,0.753905
2049,CO,0.757181
2050,CO,0.879042
2010,CT,0.100000
2011,CT,0.110000
2012,CT,0.120000
2013,CT,0.129997
2014,CT,0.140000
2015,CT,0.155000
2016,CT,0.170000
2017,CT,0.185000
2018,CT,0.210000
2019,CT,0.235000
2020,CT,0.250000
2021,CT,0.265000
2022,CT,0.280000
2023,CT,0.300000
2024,CT,0.320000
2025,CT,0.340000
2026,CT,0.290000
2027,CT,0.300000
2028,CT,0.310000
2029,CT,0.320000
2030,CT,0.330000
2031,CT,0.330000
2032,CT,0.330000
2033,CT,0.330000
2034,CT,0.330000
2035,CT,0.330000
2036,CT,0.330000
2037,CT,0.330000
2038,CT,0.330000
2039,CT,0.330000
2040,CT,1.000000
2041,CT,1.000000
2042,CT,1.000000
2043,CT,1.000000
2044,CT,1.000000
2045,CT,1.000000
2046,CT,1.000000
2047,CT,1.000000
2048,CT,1.000000
2049,CT,1.000000
2050,CT,1.000000
2010,IL,0.023655
2011,IL,0.032425
2012,IL,0.037657
2013,IL,0.046905
2014,IL,0.053525
2015,IL,0.056286
2016,IL,0.047162
2017,IL,0.056818
2018,IL,0.062034
2019,IL,0.104102
2020,IL,0.151658
2021,IL,0.168592
2022,IL,0.175132
2023,IL,0.193398
2024,IL,0.208374
2025,IL,0.219324
2026,IL,0.217979
2027,IL,0.244965
2028,IL,0.274377
2029,IL,0.308296
2030,IL,0.335906
2031,IL,0.364395
2032,IL,0.362171
2033,IL,0.359266
2034,IL,0.354151
2035,IL,0.351497
2036,IL,0.349415
2037,IL,0.349413
2038,IL,0.351357
2039,IL,0.351838
2040,IL,0.353014
2041,IL,0.441197
2042,IL,0.443483
2043,IL,0.445042
2044,IL,0.447063
2045,IL,0.448749
2046,IL,0.449447
2047,IL,0.449623
2048,IL,0.449991
2049,IL,0.451196
2050,IL,0.903511
2010,MA,0.104203
2011,MA,0.112431
2012,MA,0.122783
2013,MA,0.113095
2014,MA,0.123928
2015,MA,0.135126
2016,MA,0.148182
2017,MA,0.157381
2018,MA,0.192103
2019,MA,0.207117
2020,MA,0.236987
2021,MA,0.388316
2022,MA,0.427725
2023,MA,0.524902
2024,MA,0.543778
2025,MA,0.559867
2026,MA,0.577220
2027,MA,0.594962
2028,MA,0.621574
2029,MA,0.630445
2030,MA,0.639316
2031,MA,0.665928
2032,MA,0.683670
2033,MA,0.701411
2034,MA,0.719153
2035,MA,0.728023
2036,MA,0.745765
2037,MA,0.763506
2038,MA,0.772377
2039,MA,0.790119
2040,MA,0.798989
2041,MA,0.816731
2042,MA,0.825602
2043,MA,0.843343
2044,MA,0.861085
2045,MA,0.878826
2046,MA,0.896568
2047,MA,0.905439
2048,MA,0.923180
2049,MA,0.940922
2050,MA,0.958663
2010,ME,0.313089
2011,ME,0.351043
2012,ME,0.355693
2013,ME,0.371749
2014,ME,0.386209
2015,ME,0.390292
2016,ME,0.400178
2017,ME,0.413332
2018,ME,0.405135
2019,ME,0.405681
2020,ME,0.437152
2021,ME,0.459897
2022,ME,0.488762
2023,ME,0.506243
2024,ME,0.542407
2025,ME,0.577972
2026,ME,0.614343
2027,ME,0.649276
2028,ME,0.685459
2029,ME,0.721710
2030,ME,0.766998
2031,ME,0.786589
2032,ME,0.806396
2033,ME,0.826382
2034,ME,0.846509
2035,ME,0.866711
2036,ME,0.886903
2037,ME,0.907012
2038,ME,0.927029
2039,ME,0.947043
2040,ME,0.967002
2041,ME,0.967607
2042,ME,0.967819
2043,ME,0.968175
2044,ME,0.968487
2045,ME,0.968778
2046,ME,0.969072
2047,ME,0.969297
2048,ME,0.969472
2049,ME,0.969577
2050,ME,0.969782
2010,MI,0
2011,MI,0
2012,MI,0.033181
2013,MI,0.046564
2014,MI,0.056987
2015,MI,0.092830
2016,MI,0.091063
2017,MI,0.093359
2018,MI,0.090718
2019,MI,0.117296
2020,MI,0.122419
2021,MI,0.138705
2022,MI,0.134822
2023,MI,0.135113
2024,MI,0.134054
2025,MI,0.130100
2026,MI,0.121668
2027,MI,0.109260
2028,MI,0.099087
2029,MI,0.090860
2030,MI,0.388728
2031,MI,0.384745
2032,MI,0.378312
2033,MI,0.370836
2034,MI,0.362702
2035,MI,0.800000
2036,MI,0.800000
2037,MI,0.800000
2038,MI,0.800000
2039,MI,0.800000
2040,MI,1
2041,MI,1
2042,MI,1
2043,MI,1.000000
2044,MI,1
2045,MI,1
2046,MI,1
2047,MI,1
2048,MI,1
2049,MI,1
2050,MI,1
2010,MN,0.107727
2011,MN,0.107314
2012,MN,0.147768
2013,MN,0.147323
2014,MN,0.146746
2015,MN,0.147212
2016,MN,0.206278
2017,MN,0.205295
2018,MN,0.205308
2019,MN,0.204697
2020,MN,0.243757
2021,MN,0.243105
2022,MN,0.243341
2023,MN,0.199829
2024,MN,0.199829
2025,MN,0.249786
2026,MN,0.249786
2027,MN,0.249786
2028,MN,0.249786
2029,MN,0.249786
2030,MN,0.720207
2031,MN,0.720207
2032,MN,0.720207
2033,MN,0.720207
2034,MN,0.720207
2035,MN,0.899230
2036,MN,0.899230
2037,MN,0.899230
2038,MN,0.899230
2039,MN,0.899230
2040,MN,0.999144
2041,MN,0.999144
2042,MN,0.999144
2043,MN,0.999144
2044,MN,0.999144
2045,MN,0.999144
2046,MN,0.999144
2047,MN,0.999144
2048,MN,0.999144
2049,MN,0.999144
2050,MN,0.999144
2010,NC,0.000200
2011,NC,0.000208
2012,NC,0.017218
2013,NC,0.016979
2014,NC,0.016868
2015,NC,0.034258
2016,NC,0.034117
2017,NC,0.035072
2018,NC,0.059513
2019,NC,0.059554
2020,NC,0.061685
2021,NC,0.058922
2022,NC,0.056922
2023,NC,0.059609
2024,NC,0.057999
2025,NC,0.056515
2026,NC,0.055770
2027,NC,0.055745
2028,NC,0.055126
2029,NC,0.054553
2030,NC,0.053826
2031,NC,0.053160
2032,NC,0.052273
2033,NC,0.050761
2034,NC,0.049806
2035,NC,0.048873
2036,NC,0.047964
2037,NC,0.047108
2038,NC,0.046339
2039,NC,0.045598
2040,NC,0.044928
2041,NC,0.044293
2042,NC,0.043702
2043,NC,0.043166
2044,NC,0.042661
2045,NC,0.042152
2046,NC,0.041675
2047,NC,0.041238
2048,NC,0.040840
2049,NC,0.040492
2050,NC,0.806255
2010,NE,0
2011,NE,0
2012,NE,0
2013,NE,0
2014,NE,0
2015,NE,0
2016,NE,0
2017,NE,0
2018,NE,0
2019,NE,0
2020,NE,0
2021,NE,0
2022,NE,0
2023,NE,0
2024,NE,0
2025,NE,0
2026,NE,0
2027,NE,0
2028,NE,0
2029,NE,0
2030,NE,0
2031,NE,0
2032,NE,0
2033,NE,0
2034,NE,0
2035,NE,0
2036,NE,0
2037,NE,0
2038,NE,0
2039,NE,0
2040,NE,0.092379
2041,NE,0.092379
2042,NE,0.092379
2043,NE,0.092379
2044,NE,0.092379
2045,NE,0.092379
2046,NE,0.092379
2047,NE,0.092379
2048,NE,0.092379
2049,NE,0.092379
2050,NE,0.988722
2010,NM,0.039784
2011,NM,0.066439
2012,NM,0.067493
2013,NM,0.068091
2014,NM,0.067665
2015,NM,0.112824
2016,NM,0.115832
2017,NM,0.117605
2018,NM,0.120762
2019,NM,0.123480
2020,NM,0.164316
2021,NM,0.164083
2022,NM,0.163154
2023,NM,0.165151
2024,NM,0.164412
2025,NM,0.359422
2026,NM,0.359422
2027,NM,0.359422
2028,NM,0.359422
2029,NM,0.359422
2030,NM,0.449277
2031,NM,0.449277
2032,NM,0.449277
2033,NM,0.449277
2034,NM,0.449277
2035,NM,0.449277
2036,NM,0.449277
2037,NM,0.449277
2038,NM,0.449277
2039,NM,0.449277
2040,NM,0.672948
2041,NM,0.672948
2042,NM,0.672948
2043,NM,0.672948
2044,NM,0.672948
2045,NM,0.822061
2046,NM,0.822061
2047,NM,0.822061
2048,NM,0.822061
2049,NM,0.822061
2050,NM,0.898555
2010,NV,0.073446
2011,NV,0.090402
2012,NV,0.089341
2013,NV,0.108493
2014,NV,0.108197
2015,NV,0.129519
2016,NV,0.131122
2017,NV,0.131766
2018,NV,0.132744
2019,NV,0.130925
2020,NV,0.167791
2021,NV,0.181552
2022,NV,0.228374
2023,NV,0.228440
2024,NV,0.271056
2025,NV,0.302360
2026,NV,0.302845
2027,NV,0.377169
2028,NV,0.377374
2029,NV,0.377530
2030,NV,0.452061
2031,NV,0.452303
2032,NV,0.452581
2033,NV,0.452857
2034,NV,0.453243
2035,NV,0.453562
2036,NV,0.453879
2037,NV,0.454169
2038,NV,0.454310
2039,NV,0.454540
2040,NV,0.454759
2041,NV,0.454971
2042,NV,0.455168
2043,NV,0.455347
2044,NV,0.455513
2045,NV,0.455675
2046,NV,0.455828
2047,NV,0.455969
2048,NV,0.456099
2049,NV,0.456217
2050,NV,0.928624
2010,NY,0.237285
2011,NY,0.248635
2012,NY,0.261505
2013,NY,0.262447
2014,NY,0.273079
2015,NY,0.280684
2016,NY,0.283017
2017,NY,0.292182
2018,NY,0.291052
2019,NY,0.307862
2020,NY,0.341626
2021,NY,0.355642
2022,NY,0.362222
2023,NY,0.404444
2024,NY,0.446667
2025,NY,0.488889
2026,NY,0.531111
2027,NY,0.573333
2028,NY,0.615556
2029,NY,0.657778
2030,NY,0.700000
2031,NY,0.700000
2032,NY,0.700000
2033,NY,0.700000
2034,NY,0.700000
2035,NY,0.700000
2036,NY,0.700000
2037,NY,0.700000
2038,NY,0.700000
2039,NY,0.700000
2040,NY,1
2041,NY,1
2042,NY,1
2043,NY,1
2044,NY,1
2045,NY,1
2046,NY,1
2047,NY,1
2048,NY,1
2049,NY,1
2050,NY,1
2010,OR,0
2011,OR,0.034395
2012,OR,0.034437
2013,OR,0.034380
2014,OR,0.034356
2015,OR,0.103117
2016,OR,0.101922
2017,OR,0.099957
2018,OR,0.098935
2019,OR,0.097774
2020,OR,0.135196
2021,OR,0.133309
2022,OR,0.131334
2023,OR,0.129124
2024,OR,0.126633
2025,OR,0.171030
2026,OR,0.171036
2027,OR,0.171030
2028,OR,0.171034
2029,OR,0.171037
2030,OR,0.507147
2031,OR,0.507151
2032,OR,0.507155
2033,OR,0.507159
2034,OR,0.507164
2035,OR,0.570584
2036,OR,0.570588
2037,OR,0.570591
2038,OR,0.570593
2039,OR,0.570596
2040,OR,0.634015
2041,OR,0.634017
2042,OR,0.634019
2043,OR,0.634021
2044,OR,0.634022
2045,OR,0.634024
2046,OR,0.634025
2047,OR,0.634026
2048,OR,0.634028
2049,OR,0.634029
2050,OR,0.634030
2010,VA,0
2011,VA,0
2012,VA,0
2013,VA,0
2014,VA,0
2015,VA,0
2016,VA,0
2017,VA,0
2018,VA,0
2019,VA,0
2020,VA,0
2021,VA,0.275161
2022,VA,0.273110
2023,VA,0.289299
2024,VA,0.298586
2025,VA,0.308818
2026,VA,0.323214
2027,VA,0.338571
2028,VA,0.353836
2029,VA,0.368357
2030,VA,0.383185
2031,VA,0.402816
2032,VA,0.422373
2033,VA,0.437410
2034,VA,0.452486
2035,VA,0.472445
2036,VA,0.497354
2037,VA,0.515213
2038,VA,0.537101
2039,VA,0.559251
2040,VA,0.581670
2041,VA,0.603376
2042,VA,0.625286
2043,VA,0.647387
2044,VA,0.669654
2045,VA,0.697004
2046,VA,0.700722
2047,VA,0.704446
2048,VA,0.708177
2049,VA,0.711913
2050,VA,0.715653
2010,WA,0
2011,WA,0
2012,WA,0.024046
2013,WA,0.023797
2014,WA,0.024033
2015,WA,0.024399
2016,WA,0.074048
2017,WA,0.071624
2018,WA,0.074546
2019,WA,0.074237
2020,WA,0.128489
2021,WA,0.126837
2022,WA,0.125714
2023,WA,0.131950
2024,WA,0.131881
2025,WA,0.129339
2026,WA,0.126811
2027,WA,0.132954
2028,WA,0.130731
2029,WA,0.127893
2030,WA,0.996573
2031,WA,0.996115
2032,WA,0.995579
2033,WA,0.995408
2034,WA,0.994808
2035,WA,0.995126
2036,WA,0.995456
2037,WA,0.995711
2038,WA,0.997115
2039,WA,0.996796
2040,WA,0.996570
2041,WA,0.996934
2042,WA,0.997300
2043,WA,0.997605
2044,WA,0.997794
2045,WA,0.997896
2046,WA,0.997939
2047,WA,0.998092
2048,WA,0.998279
2049,WA,0.998453
2050,WA,0.998539
