t,st,rps_all,rps_solar,rps_wind
2010,AZ,0.014700,0,0
2011,AZ,0.017574,0,0
2012,AZ,0.020747,0,0
2013,AZ,0.023508,0,0
2014,AZ,0.026211,0,0
2015,AZ,0.029495,0,0
2016,AZ,0.035243,0,0
2017,AZ,0.041007,0,0
2018,AZ,0.046557,0,0
2019,AZ,0.051433,0,0
2020,AZ,0.058734,0,0
2021,AZ,0.064620,0,0
2022,AZ,0.070590,0,0
2023,AZ,0.076542,0,0
2024,AZ,0.082425,0,0
2025,AZ,0.088313,0,0
2026,AZ,0,0,0
2027,AZ,0,0,0
2028,AZ,0,0,0
2029,AZ,0,0,0
2030,AZ,0,0,0
2031,AZ,0,0,0
2032,AZ,0,0,0
2033,AZ,0,0,0
2034,AZ,0,0,0
2035,AZ,0,0,0
2036,AZ,0,0,0
2037,AZ,0,0,0
2038,AZ,0,0,0
2039,AZ,0,0,0
2040,AZ,0,0,0
2041,AZ,0,0,0
2042,AZ,0,0,0
2043,AZ,0,0,0
2044,AZ,0,0,0
2045,AZ,0,0,0
2046,AZ,0,0,0
2047,AZ,0,0,0
2048,AZ,0,0,0
2049,AZ,0,0,0
2050,AZ,0,0,0
2010,CA,0.168775,0,0
2011,CA,0.197283,0,0
2012,CA,0.197325,0,0
2013,CA,0.197242,0,0
2014,CA,0.208537,0,0
2015,CA,0.220868,0,0
2016,CA,0.245039,0,0
2017,CA,0.263927,0,0
2018,CA,0.283753,0,0
2019,CA,0.302047,0,0
2020,CA,0.319335,0,0
2021,CA,0.346564,0,0
2022,CA,0.373687,0,0
2023,CA,0.399432,0,0
2024,CA,0.424969,0,0
2025,CA,0.453957,0,0
2026,CA,0.475200,0,0
2027,CA,0.502257,0,0
2028,CA,0.527366,0,0
2029,CA,0.552474,0,0
2030,CA,0.579513,0,0
2031,CA,0.579507,0,0
2032,CA,0.579500,0,0
2033,CA,0.579493,0,0
2034,CA,0.579485,0,0
2035,CA,0.579478,0,0
2036,CA,0.579472,0,0
2037,CA,0.579467,0,0
2038,CA,0.579464,0,0
2039,CA,0.579459,0,0
2040,CA,0.579456,0,0
2041,CA,0.579453,0,0
2042,CA,0.579451,0,0
2043,CA,0.579450,0,0
2044,CA,0.579449,0,0
2045,CA,0.579448,0,0
2046,CA,0.579448,0,0
2047,CA,0.579447,0,0
2048,CA,0.579448,0,0
2049,CA,0.579448,0,0
2050,CA,0.579449,0,0
2010,CO,0.024734,0,0
2011,CO,0.061340,0,0
2012,CO,0.062494,0,0
2013,CO,0.062821,0,0
2014,CO,0.062680,0,0
2015,CO,0.107166,0,0
2016,CO,0.106583,0,0
2017,CO,0.106267,0,0
2018,CO,0.106865,0,0
2019,CO,0.104952,0,0
2020,CO,0.194092,0,0
2021,CO,0.194082,0,0
2022,CO,0.195018,0,0
2023,CO,0.193968,0,0
2024,CO,0.196129,0,0
2025,CO,0.195995,0,0
2026,CO,0.197119,0,0
2027,CO,0.197265,0,0
2028,CO,0.197907,0,0
2029,CO,0.198554,0,0
2030,CO,0.199277,0,0
2031,CO,0.200113,0,0
2032,CO,0.200997,0,0
2033,CO,0.201872,0,0
2034,CO,0.203025,0,0
2035,CO,0.204033,0,0
2036,CO,0.205016,0,0
2037,CO,0.205916,0,0
2038,CO,0.206432,0,0
2039,CO,0.207151,0,0
2040,CO,0.207829,0,0
2041,CO,0.208488,0,0
2042,CO,0.209103,0,0
2043,CO,0.209667,0,0
2044,CO,0.210188,0,0
2045,CO,0.210689,0,0
2046,CO,0.211163,0,0
2047,CO,0.211598,0,0
2048,CO,0.211997,0,0
2049,CO,0.212360,0,0
2050,CO,0.212707,0,0
2010,CT,0.100000,0,0
2011,CT,0.110000,0,0
2012,CT,0.120000,0,0
2013,CT,0.129997,0,0
2014,CT,0.140000,0,0
2015,CT,0.155000,0,0
2016,CT,0.170000,0,0
2017,CT,0.185000,0,0
2018,CT,0.210000,0,0
2019,CT,0.235000,0,0
2020,CT,0.250000,0,0
2021,CT,0.265000,0,0
2022,CT,0.280000,0,0
2023,CT,0.300000,0,0
2024,CT,0.320000,0,0
2025,CT,0.340000,0,0
2026,CT,0.290000,0,0
2027,CT,0.300000,0,0
2028,CT,0.310000,0,0
2029,CT,0.320000,0,0
2030,CT,0.330000,0,0
2031,CT,0.330000,0,0
2032,CT,0.330000,0,0
2033,CT,0.330000,0,0
2034,CT,0.330000,0,0
2035,CT,0.330000,0,0
2036,CT,0.330000,0,0
2037,CT,0.330000,0,0
2038,CT,0.330000,0,0
2039,CT,0.330000,0,0
2040,CT,0.330000,0,0
2041,CT,0.330000,0,0
2042,CT,0.330000,0,0
2043,CT,0.330000,0,0
2044,CT,0.330000,0,0
2045,CT,0.330000,0,0
2046,CT,0.330000,0,0
2047,CT,0.330000,0,0
2048,CT,0.330000,0,0
2049,CT,0.330000,0,0
2050,CT,0.330000,0,0
2010,DE,0.023866,0.000084,0
2011,DE,0.033086,0.000110,0
2012,DE,0.045048,0.001192,0
2013,DE,0.056202,0.002453,0
2014,DE,0.064578,0.004690,0
2015,DE,0.067331,0.006755,0
2016,DE,0.080707,0.008813,0
2017,DE,0.093860,0.010817,0
2018,DE,0.099182,0.012008,0
2019,DE,0.124275,0.015208,0
2020,DE,0.138576,0.017433,0
2021,DE,0.135954,0.018334,0
2022,DE,0.150740,0.020896,0
2023,DE,0.173230,0.024387,0
2024,DE,0.167294,0.024800,0
2025,DE,0.177710,0.027126,0
2026,DE,0.187661,0.029281,0
2027,DE,0.196600,0.032029,0
2028,DE,0.198008,0.033681,0
2029,DE,0.202283,0.035710,0
2030,DE,0.207301,0.037857,0
2031,DE,0.217036,0.042185,0
2032,DE,0.233126,0.048548,0
2033,DE,0.250662,0.055126,0
2034,DE,0.268054,0.061644,0
2035,DE,0.295003,0.069961,0
2036,DE,0.322200,0.083445,0
2037,DE,0.323222,0.083561,0
2038,DE,0.325598,0.084040,0
2039,DE,0.324328,0.083626,0
2040,DE,0.325351,0.083765,0
2041,DE,0.326109,0.083850,0
2042,DE,0.327175,0.084023,0
2043,DE,0.327890,0.084123,0
2044,DE,0.328701,0.084257,0
2045,DE,0.329001,0.084272,0
2046,DE,0.329227,0.084270,0
2047,DE,0.329996,0.084407,0
2048,DE,0.330445,0.084475,0
2049,DE,0.331010,0.084578,0
2050,DE,0.330995,0.084542,0
2010,IA,0.006509,0,0
2011,IA,0.006479,0,0
2012,IA,0.006471,0,0
2013,IA,0.006326,0,0
2014,IA,0.006267,0,0
2015,IA,0.006274,0,0
2016,IA,0.006108,0,0
2017,IA,0.006046,0,0
2018,IA,0.005776,0,0
2019,IA,0.005795,0,0
2020,IA,0.005841,0,0
2021,IA,0.005592,0,0
2022,IA,0.005457,0,0
2023,IA,0.005437,0,0
2024,IA,0.005385,0,0
2025,IA,0.005051,0,0
2026,IA,0.004941,0,0
2027,IA,0.005019,0,0
2028,IA,0.005008,0,0
2029,IA,0.005000,0,0
2030,IA,0.004985,0,0
2031,IA,0.004968,0,0
2032,IA,0.004934,0,0
2033,IA,0.004894,0,0
2034,IA,0.004829,0,0
2035,IA,0.004759,0,0
2036,IA,0.004686,0,0
2037,IA,0.004614,0,0
2038,IA,0.004557,0,0
2039,IA,0.004495,0,0
2040,IA,0.004447,0,0
2041,IA,0.004402,0,0
2042,IA,0.004363,0,0
2043,IA,0.004329,0,0
2044,IA,0.004303,0,0
2045,IA,0.004276,0,0
2046,IA,0.004247,0,0
2047,IA,0.004222,0,0
2048,IA,0.004199,0,0
2049,IA,0.004180,0,0
2050,IA,0.004161,0,0
2010,IL,0.023655,0,0
2011,IL,0.032425,0,0
2012,IL,0.037657,0,0
2013,IL,0.046905,0,0
2014,IL,0.053525,0,0
2015,IL,0.056286,0,0
2016,IL,0.047162,0,0
2017,IL,0.056818,0,0
2018,IL,0.062034,0,0
2019,IL,0.104102,0,0
2020,IL,0.151658,0,0
2021,IL,0.168592,0.014752,0.014752
2022,IL,0.175132,0.040519,0.033152
2023,IL,0.193398,0.058586,0.047934
2024,IL,0.208374,0.073499,0.060136
2025,IL,0.219324,0.088143,0.072117
2026,IL,0.217979,0.101192,0.082794
2027,IL,0.244965,0.116162,0.095042
2028,IL,0.274377,0.130909,0.107107
2029,IL,0.308296,0.145768,0.119265
2030,IL,0.335906,0.160600,0.131400
2031,IL,0.364395,0.175601,0.143673
2032,IL,0.362171,0.174036,0.142393
2033,IL,0.359266,0.172214,0.140902
2034,IL,0.354151,0.169576,0.138744
2035,IL,0.351497,0.166806,0.136477
2036,IL,0.349415,0.164082,0.134249
2037,IL,0.349413,0.161568,0.132192
2038,IL,0.351357,0.159812,0.130755
2039,IL,0.351838,0.157418,0.128796
2040,IL,0.353014,0.155525,0.127247
2041,IL,0.441197,0.153809,0.125844
2042,IL,0.443483,0.152290,0.124601
2043,IL,0.445042,0.150988,0.123535
2044,IL,0.447063,0.150000,0.122727
2045,IL,0.448749,0.149079,0.121974
2046,IL,0.449447,0.148034,0.121118
2047,IL,0.449623,0.147123,0.120374
2048,IL,0.449991,0.146339,0.119732
2049,IL,0.451196,0.145702,0.119211
2050,IL,0.451755,0.144986,0.118625
2010,KS,0,0,0
2011,KS,0.070360,0,0
2012,KS,0.072069,0,0
2013,KS,0.074305,0,0
2014,KS,0.072628,0,0
2015,KS,0,0,0
2016,KS,0,0,0
2017,KS,0,0,0
2018,KS,0,0,0
2019,KS,0,0,0
2020,KS,0,0,0
2021,KS,0,0,0
2022,KS,0,0,0
2023,KS,0,0,0
2024,KS,0,0,0
2025,KS,0,0,0
2026,KS,0,0,0
2027,KS,0,0,0
2028,KS,0,0,0
2029,KS,0,0,0
2030,KS,0,0,0
2031,KS,0,0,0
2032,KS,0,0,0
2033,KS,0,0,0
2034,KS,0,0,0
2035,KS,0,0,0
2036,KS,0,0,0
2037,KS,0,0,0
2038,KS,0,0,0
2039,KS,0,0,0
2040,KS,0,0,0
2041,KS,0,0,0
2042,KS,0,0,0
2043,KS,0,0,0
2044,KS,0,0,0
2045,KS,0,0,0
2046,KS,0,0,0
2047,KS,0,0,0
2048,KS,0,0,0
2049,KS,0,0,0
2050,KS,0,0,0
2010,MA,0.074062,0.000601,0
2011,MA,0.082392,0.001422,0
2012,MA,0.092305,0.001483,0
2013,MA,0.082647,0.003445,0
2014,MA,0.093489,0.009387,0
2015,MA,0.104613,0.022682,0
2016,MA,0.117731,0.023777,0
2017,MA,0.126933,0.044268,0
2018,MA,0.135642,0.056450,0
2019,MA,0.142897,0.060608,0
2020,MA,0.170432,0.070032,0
2021,MA,0.191330,0.079545,0
2022,MA,0.209259,0.085285,0
2023,MA,0.225957,0.082080,0
2024,MA,0.244833,0.075521,0
2025,MA,0.269793,0.072977,0
2026,MA,0.297791,0.075745,0
2027,MA,0.324404,0.082301,0
2028,MA,0.351016,0.085698,0
2029,MA,0.377628,0.088881,0
2030,MA,0.386499,0.092092,0
2031,MA,0.395370,0.095087,0
2032,MA,0.404241,0.097584,0
2033,MA,0.413111,0.099680,0
2034,MA,0.421982,0.101447,0
2035,MA,0.430853,0.103001,0
2036,MA,0.439724,0.104531,0
2037,MA,0.448594,0.106196,0
2038,MA,0.457465,0.107295,0
2039,MA,0.466336,0.105802,0
2040,MA,0.475207,0.104483,0
2041,MA,0.484077,0.103221,0
2042,MA,0.492948,0.102778,0
2043,MA,0.501819,0.102034,0
2044,MA,0.510690,0.101382,0
2045,MA,0.519560,0.100774,0
2046,MA,0.528431,0.100160,0
2047,MA,0.537302,0.099692,0
2048,MA,0.546173,0.099325,0
2049,MA,0.555044,0.099107,0
2050,MA,0.563914,0.098678,0
2010,MD,0.053811,0.000623,0
2011,MD,0.071530,0.001001,0
2012,MD,0.085954,0.001536,0
2013,MD,0.102017,0.002669,0
2014,MD,0.121734,0.003591,0
2015,MD,0.125498,0.004880,0
2016,MD,0.145849,0.006613,0
2017,MD,0.150908,0.010211,0
2018,MD,0.175173,0.013084,0
2019,MD,0.218306,0.044517,0
2020,MD,0.281915,0.050636,0
2021,MD,0.314363,0.062538,0
2022,MD,0.317791,0.047548,0
2023,MD,0.341536,0.051949,0
2024,MD,0.363211,0.055979,0.000202
2025,MD,0.387128,0.059070,0.013876
2026,MD,0.414467,0.066119,0.021809
2027,MD,0.450014,0.076846,0.107986
2028,MD,0.470757,0.089325,0.107986
2029,MD,0.534993,0.101890,0.107986
2030,MD,0.549552,0.118195,0.107986
2031,MD,0.559954,0.119197,0.107986
2032,MD,0.568920,0.120317,0.107986
2033,MD,0.569014,0.121374,0.107986
2034,MD,0.569121,0.122443,0.107986
2035,MD,0.569227,0.123585,0.107986
2036,MD,0.569321,0.124641,0.107986
2037,MD,0.569406,0.125689,0.107986
2038,MD,0.569462,0.126780,0.107986
2039,MD,0.569541,0.127822,0.107986
2040,MD,0.569610,0.128854,0.107986
2041,MD,0.569674,0.129954,0.107986
2042,MD,0.569728,0.130007,0.107986
2043,MD,0.569775,0.130054,0.107986
2044,MD,0.569814,0.130093,0.107986
2045,MD,0.569852,0.130131,0.107986
2046,MD,0.569889,0.130169,0.107986
2047,MD,0.569919,0.130199,0.107986
2048,MD,0.569945,0.130225,0.107986
2049,MD,0.569966,0.130245,0.107986
2050,MD,0.569988,0.130268,0.107986
2010,ME,0.313089,0,0
2011,ME,0.351043,0,0
2012,ME,0.355693,0,0
2013,ME,0.371749,0,0
2014,ME,0.386209,0,0
2015,ME,0.390292,0,0
2016,ME,0.400178,0,0
2017,ME,0.413332,0,0
2018,ME,0.405135,0,0
2019,ME,0.405681,0,0
2020,ME,0.437152,0,0
2021,ME,0.459897,0,0
2022,ME,0.488762,0,0
2023,ME,0.506243,0,0
2024,ME,0.542407,0,0
2025,ME,0.577972,0,0
2026,ME,0.614343,0,0
2027,ME,0.649276,0,0
2028,ME,0.685459,0,0
2029,ME,0.721710,0,0
2030,ME,0.766998,0,0
2031,ME,0.776418,0,0
2032,ME,0.786055,0,0
2033,ME,0.795871,0,0
2034,ME,0.805828,0,0
2035,ME,0.815860,0,0
2036,ME,0.825881,0,0
2037,ME,0.835820,0,0
2038,ME,0.845666,0,0
2039,ME,0.855510,0,0
2040,ME,0.865299,0,0
2041,ME,0.865903,0,0
2042,ME,0.866115,0,0
2043,ME,0.866471,0,0
2044,ME,0.866784,0,0
2045,ME,0.867075,0,0
2046,ME,0.867369,0,0
2047,ME,0.867593,0,0
2048,ME,0.867769,0,0
2049,ME,0.867873,0,0
2050,ME,0.868078,0,0
2010,MI,0,0,0
2011,MI,0,0,0
2012,MI,0.033181,0,0
2013,MI,0.046564,0,0
2014,MI,0.056987,0,0
2015,MI,0.092830,0,0
2016,MI,0.091063,0,0
2017,MI,0.093359,0,0
2018,MI,0.090718,0,0
2019,MI,0.117296,0,0
2020,MI,0.122419,0,0
2021,MI,0.138705,0,0
2022,MI,0.134822,0,0
2023,MI,0.135113,0,0
2024,MI,0.134054,0,0
2025,MI,0.130100,0,0
2026,MI,0.121668,0,0
2027,MI,0.109260,0,0
2028,MI,0.099087,0,0
2029,MI,0.090860,0,0
2030,MI,0.388728,0,0
2031,MI,0.384745,0,0
2032,MI,0.378312,0,0
2033,MI,0.370836,0,0
2034,MI,0.362702,0,0
2035,MI,0.442207,0,0
2036,MI,0.439836,0,0
2037,MI,0.440680,0,0
2038,MI,0.444289,0,0
2039,MI,0.445838,0,0
2040,MI,0.448788,0,0
2041,MI,0.452338,0,0
2042,MI,0.454894,0,0
2043,MI,0.460115,0,0
2044,MI,0.466298,0,0
2045,MI,0.470972,0,0
2046,MI,0.472002,0,0
2047,MI,0.473070,0,0
2048,MI,0.474405,0,0
2049,MI,0.476017,0,0
2050,MI,0.476870,0,0
2010,MN,0.107727,0,0
2011,MN,0.107314,0,0
2012,MN,0.147768,0,0
2013,MN,0.147323,0,0
2014,MN,0.146746,0,0
2015,MN,0.147212,0,0
2016,MN,0.206278,0,0
2017,MN,0.205295,0,0
2018,MN,0.205308,0,0
2019,MN,0.204697,0,0
2020,MN,0.243757,0.007570,0
2021,MN,0.243105,0.007671,0
2022,MN,0.243341,0.007614,0
2023,MN,0.199829,0.007635,0
2024,MN,0.199829,0.007598,0
2025,MN,0.249786,0.007624,0
2026,MN,0.249786,0.007655,0
2027,MN,0.249786,0.007633,0
2028,MN,0.249786,0.007637,0
2029,MN,0.249786,0.007639,0
2030,MN,0.249786,0.007643,0
2031,MN,0.249786,0.007648,0
2032,MN,0.249786,0.007657,0
2033,MN,0.249786,0.007669,0
2034,MN,0.249786,0.007687,0
2035,MN,0.549529,0.007707,0
2036,MN,0.549529,0.007728,0
2037,MN,0.549529,0.007748,0
2038,MN,0.549529,0.007764,0
2039,MN,0.549529,0.007782,0
2040,MN,0.549529,0.007795,0
2041,MN,0.549529,0.007808,0
2042,MN,0.549529,0.007819,0
2043,MN,0.549529,0.007829,0
2044,MN,0.549529,0.007836,0
2045,MN,0.549529,0.007844,0
2046,MN,0.549529,0.007852,0
2047,MN,0.549529,0.007859,0
2048,MN,0.549529,0.007865,0
2049,MN,0.549529,0.007871,0
2050,MN,0.549529,0.007876,0
2010,MO,0,0,0
2011,MO,0.013641,0.000207,0
2012,MO,0.013681,0.000207,0
2013,MO,0.013623,0.000206,0
2014,MO,0.033995,0.000513,0
2015,MO,0.034028,0.000513,0
2016,MO,0.033439,0.000502,0
2017,MO,0.033341,0.000500,0
2018,MO,0.066143,0.000990,0
2019,MO,0.066056,0.000987,0
2020,MO,0.065850,0.000985,0
2021,MO,0.098478,0.001470,0
2022,MO,0.098489,0.001465,0
2023,MO,0.098299,0.001466,0
2024,MO,0.098422,0.001468,0
2025,MO,0.098424,0.001468,0
2026,MO,0.098425,0.001468,0
2027,MO,0.098425,0.001468,0
2028,MO,0.098425,0.001468,0
2029,MO,0.098425,0.001468,0
2030,MO,0.098425,0.001468,0
2031,MO,0.098426,0.001468,0
2032,MO,0.098426,0.001468,0
2033,MO,0.098427,0.001468,0
2034,MO,0.098427,0.001468,0
2035,MO,0.098428,0.001468,0
2036,MO,0.098429,0.001468,0
2037,MO,0.098430,0.001468,0
2038,MO,0.098431,0.001468,0
2039,MO,0.098431,0.001468,0
2040,MO,0.098432,0.001468,0
2041,MO,0.098432,0.001468,0
2042,MO,0.098433,0.001468,0
2043,MO,0.098433,0.001468,0
2044,MO,0.098434,0.001468,0
2045,MO,0.098434,0.001468,0
2046,MO,0.098434,0.001468,0
2047,MO,0.098435,0.001468,0
2048,MO,0.098435,0.001468,0
2049,MO,0.098435,0.001468,0
2050,MO,0.098435,0.001468,0
2010,MT,0.070227,0,0
2011,MT,0.069924,0,0
2012,MT,0.070247,0,0
2013,MT,0.070717,0,0
2014,MT,0.071029,0,0
2015,MT,0.107325,0,0
2016,MT,0.107516,0,0
2017,MT,0.107721,0,0
2018,MT,0.106371,0,0
2019,MT,0.102046,0,0
2020,MT,0.111256,0,0
2021,MT,0,0,0
2022,MT,0,0,0
2023,MT,0,0,0
2024,MT,0,0,0
2025,MT,0,0,0
2026,MT,0,0,0
2027,MT,0,0,0
2028,MT,0,0,0
2029,MT,0,0,0
2030,MT,0,0,0
2031,MT,0,0,0
2032,MT,0,0,0
2033,MT,0,0,0
2034,MT,0,0,0
2035,MT,0,0,0
2036,MT,0,0,0
2037,MT,0,0,0
2038,MT,0,0,0
2039,MT,0,0,0
2040,MT,0,0,0
2041,MT,0,0,0
2042,MT,0,0,0
2043,MT,0,0,0
2044,MT,0,0,0
2045,MT,0,0,0
2046,MT,0,0,0
2047,MT,0,0,0
2048,MT,0,0,0
2049,MT,0,0,0
2050,MT,0,0,0
2010,NC,0.000200,0.000200,0
2011,NC,0.000208,0.000208,0
2012,NC,0.017218,0.000715,0
2013,NC,0.016979,0.000690,0
2014,NC,0.015591,0.000681,0
2015,NC,0.032988,0.001390,0
2016,NC,0.032852,0.001392,0
2017,NC,0.033064,0.001430,0
2018,NC,0.057154,0.001898,0
2019,NC,0.055484,0.002024,0
2020,NC,0.055586,0.002089,0
2021,NC,0.056040,0.001919,0
2022,NC,0.051212,0.001947,0
2023,NC,0.052324,0.002089,0
2024,NC,0.050940,0.001941,0
2025,NC,0.048752,0.001945,0
2026,NC,0.047486,0.001970,0
2027,NC,0.047438,0.001996,0
2028,NC,0.046916,0.001973,0
2029,NC,0.046416,0.001973,0
2030,NC,0.045762,0.001973,0
2031,NC,0.045163,0.001974,0
2032,NC,0.044362,0.001970,0
2033,NC,0.042946,0.001966,0
2034,NC,0.042102,0.001961,0
2035,NC,0.041281,0.001959,0
2036,NC,0.040478,0.001959,0
2037,NC,0.039722,0.001960,0
2038,NC,0.039040,0.001964,0
2039,NC,0.038385,0.001964,0
2040,NC,0.037792,0.001967,0
2041,NC,0.037230,0.001968,0
2042,NC,0.036707,0.001970,0
2043,NC,0.036232,0.001972,0
2044,NC,0.035786,0.001973,0
2045,NC,0.035336,0.001972,0
2046,NC,0.034915,0.001974,0
2047,NC,0.034527,0.001975,0
2048,NC,0.034174,0.001977,0
2049,NC,0.033865,0.001979,0
2050,NC,0.033572,0.001980,0
2010,NE,0,0,0
2011,NE,0,0,0
2012,NE,0,0,0
2013,NE,0,0,0
2014,NE,0,0,0
2015,NE,0,0,0
2016,NE,0,0,0
2017,NE,0,0,0
2018,NE,0,0,0
2019,NE,0,0,0
2020,NE,0,0,0
2021,NE,0,0,0
2022,NE,0,0,0
2023,NE,0,0,0
2024,NE,0,0,0
2025,NE,0,0,0
2026,NE,0,0,0
2027,NE,0,0,0
2028,NE,0,0,0
2029,NE,0,0,0
2030,NE,0,0,0
2031,NE,0,0,0
2032,NE,0,0,0
2033,NE,0,0,0
2034,NE,0,0,0
2035,NE,0,0,0
2036,NE,0,0,0
2037,NE,0,0,0
2038,NE,0,0,0
2039,NE,0,0,0
2040,NE,0,0,0
2041,NE,0,0,0
2042,NE,0,0,0
2043,NE,0,0,0
2044,NE,0,0,0
2045,NE,0,0,0
2046,NE,0,0,0
2047,NE,0,0,0
2048,NE,0,0,0
2049,NE,0,0,0
2050,NE,0,0,0
2010,NH,0.074160,0.000393,0
2011,NH,0.094196,0.000787,0
2012,NH,0.055158,0.001491,0
2013,NH,0.057650,0.001988,0
2014,NH,0.063606,0.002982,0
2015,NH,0.070558,0.002981,0
2016,NH,0.072548,0.002981,0
2017,NH,0.155027,0.002981,0
2018,NH,0.161953,0.004968,0
2019,NH,0.166145,0.005899,0
2020,NH,0.115000,0.007000,0
2021,NH,0.110000,0.007000,0
2022,NH,0.110000,0.007000,0
2023,NH,0.115000,0.007000,0
2024,NH,0.129000,0.007000,0
2025,NH,0.208000,0.007000,0
2026,NH,0.208000,0.007000,0
2027,NH,0.208000,0.007000,0
2028,NH,0.208000,0.007000,0
2029,NH,0.208000,0.007000,0
2030,NH,0.208000,0.007000,0
2031,NH,0.208000,0.007000,0
2032,NH,0.208000,0.007000,0
2033,NH,0.208000,0.007000,0
2034,NH,0.208000,0.007000,0
2035,NH,0.208000,0.007000,0
2036,NH,0.208000,0.007000,0
2037,NH,0.208000,0.007000,0
2038,NH,0.208000,0.007000,0
2039,NH,0.208000,0.007000,0
2040,NH,0.208000,0.007000,0
2041,NH,0.208000,0.007000,0
2042,NH,0.208000,0.007000,0
2043,NH,0.208000,0.007000,0
2044,NH,0.208000,0.007000,0
2045,NH,0.208000,0.007000,0
2046,NH,0.208000,0.007000,0
2047,NH,0.208000,0.007000,0
2048,NH,0.208000,0.007000,0
2049,NH,0.208000,0.007000,0
2050,NH,0.208000,0.007000,0
2010,NJ,0.069636,0.002078,0
2011,NJ,0.084893,0.003989,0
2012,NJ,0.094645,0.005902,0
2013,NJ,0.103686,0.008012,0
2014,NJ,0.124422,0.020361,0
2015,NJ,0.132824,0.023655,0
2016,NJ,0.147464,0.027218,0
2017,NJ,0.161855,0.030376,0
2018,NJ,0.171666,0.030476,0
2019,NJ,0.212910,0.043648,0
2020,NJ,0.208076,0.049493,0
2021,NJ,0.229620,0.049833,0
2022,NJ,0.228763,0.049646,0
2023,NJ,0.254486,0.052975,0
2024,NJ,0.282516,0.046926,0
2025,NJ,0.373799,0.047846,0
2026,NJ,0.365745,0.043889,0
2027,NJ,0.433143,0.043314,0
2028,NJ,0.456459,0.036713,0
2029,NJ,0.484879,0.030072,0
2030,NJ,0.514888,0.021674,0
2031,NJ,0.516388,0.015541,0
2032,NJ,0.512305,0.013661,0
2033,NJ,0.511204,0.010711,0
2034,NJ,0.509853,0,0
2035,NJ,0.509753,0,0
2036,NJ,0.510722,0,0
2037,NJ,0.511433,0,0
2038,NJ,0.514364,0,0
2039,NJ,0.511827,0,0
2040,NJ,0.512677,0,0
2041,NJ,0.513198,0,0
2042,NJ,0.514260,0,0
2043,NJ,0.514870,0,0
2044,NJ,0.515689,0,0
2045,NJ,0.515784,0,0
2046,NJ,0.515772,0,0
2047,NJ,0.516612,0,0
2048,NJ,0.517026,0,0
2049,NJ,0.517657,0,0
2050,NJ,0.517435,0,0
2010,NM,0.039784,0,0
2011,NM,0.066439,0,0
2012,NM,0.067493,0,0
2013,NM,0.068091,0,0
2014,NM,0.067665,0,0
2015,NM,0.112824,0,0
2016,NM,0.115832,0,0
2017,NM,0.117605,0,0
2018,NM,0.120762,0,0
2019,NM,0.123480,0,0
2020,NM,0.164316,0,0
2021,NM,0.164083,0,0
2022,NM,0.163154,0,0
2023,NM,0.165151,0,0
2024,NM,0.164412,0,0
2025,NM,0.359422,0,0
2026,NM,0.359422,0,0
2027,NM,0.359422,0,0
2028,NM,0.359422,0,0
2029,NM,0.359422,0,0
2030,NM,0.449277,0,0
2031,NM,0.449277,0,0
2032,NM,0.449277,0,0
2033,NM,0.449277,0,0
2034,NM,0.449277,0,0
2035,NM,0.449277,0,0
2036,NM,0.449277,0,0
2037,NM,0.449277,0,0
2038,NM,0.449277,0,0
2039,NM,0.449277,0,0
2040,NM,0.672948,0,0
2041,NM,0.672948,0,0
2042,NM,0.672948,0,0
2043,NM,0.672948,0,0
2044,NM,0.672948,0,0
2045,NM,0.672948,0,0
2046,NM,0.672948,0,0
2047,NM,0.672948,0,0
2048,NM,0.672948,0,0
2049,NM,0.672948,0,0
2050,NM,0.718844,0,0
2016,NS,0.250000,0,0
2017,NS,0.250000,0,0
2018,NS,0.250000,0,0
2019,NS,0.250000,0,0
2020,NS,0.400000,0,0
2021,NS,0.400000,0,0
2022,NS,0.400000,0,0
2023,NS,0.400000,0,0
2024,NS,0.400000,0,0
2025,NS,0.400000,0,0
2026,NS,0.400000,0,0
2027,NS,0.400000,0,0
2028,NS,0.400000,0,0
2029,NS,0.400000,0,0
2030,NS,0.400000,0,0
2031,NS,0.400000,0,0
2032,NS,0.400000,0,0
2033,NS,0.400000,0,0
2034,NS,0.400000,0,0
2035,NS,0.400000,0,0
2036,NS,0.400000,0,0
2037,NS,0.400000,0,0
2038,NS,0.400000,0,0
2039,NS,0.400000,0,0
2040,NS,0.400000,0,0
2041,NS,0.400000,0,0
2042,NS,0.400000,0,0
2043,NS,0.400000,0,0
2044,NS,0.400000,0,0
2045,NS,0.400000,0,0
2046,NS,0.400000,0,0
2047,NS,0.400000,0,0
2048,NS,0.400000,0,0
2049,NS,0.400000,0,0
2050,NS,0.400000,0,0
2010,NV,0.073446,0,0
2011,NV,0.090402,0,0
2012,NV,0.089341,0,0
2013,NV,0.108493,0,0
2014,NV,0.108197,0,0
2015,NV,0.129519,0,0
2016,NV,0.131122,0,0
2017,NV,0.131766,0,0
2018,NV,0.132744,0,0
2019,NV,0.130925,0,0
2020,NV,0.167791,0,0
2021,NV,0.181552,0,0
2022,NV,0.228374,0,0
2023,NV,0.228440,0,0
2024,NV,0.271056,0,0
2025,NV,0.302360,0,0
2026,NV,0.302845,0,0
2027,NV,0.377169,0,0
2028,NV,0.377374,0,0
2029,NV,0.377530,0,0
2030,NV,0.452061,0,0
2031,NV,0.452303,0,0
2032,NV,0.452581,0,0
2033,NV,0.452857,0,0
2034,NV,0.453243,0,0
2035,NV,0.453562,0,0
2036,NV,0.453879,0,0
2037,NV,0.454169,0,0
2038,NV,0.454310,0,0
2039,NV,0.454540,0,0
2040,NV,0.454759,0,0
2041,NV,0.454971,0,0
2042,NV,0.455168,0,0
2043,NV,0.455347,0,0
2044,NV,0.455513,0,0
2045,NV,0.455675,0,0
2046,NV,0.455828,0,0
2047,NV,0.455969,0,0
2048,NV,0.456099,0,0
2049,NV,0.456217,0,0
2050,NV,0.456331,0,0
2010,NY,0.237285,0,0
2011,NY,0.248635,0,0
2012,NY,0.261505,0,0
2013,NY,0.262447,0,0
2014,NY,0.273079,0,0
2015,NY,0.280684,0,0
2016,NY,0.283017,0,0
2017,NY,0.292182,0,0
2018,NY,0.291052,0,0
2019,NY,0.307862,0,0
2020,NY,0.341626,0,0
2021,NY,0.355642,0,0
2022,NY,0.362222,0,0
2023,NY,0.404444,0,0
2024,NY,0.446667,0,0
2025,NY,0.488889,0,0
2026,NY,0.531111,0,0
2027,NY,0.573333,0,0
2028,NY,0.615556,0,0
2029,NY,0.657778,0,0
2030,NY,0.700000,0,0
2031,NY,0.700000,0,0
2032,NY,0.700000,0,0
2033,NY,0.700000,0,0
2034,NY,0.700000,0,0
2035,NY,0.700000,0,0
2036,NY,0.700000,0,0
2037,NY,0.700000,0,0
2038,NY,0.700000,0,0
2039,NY,0.700000,0,0
2040,NY,0.700000,0,0
2041,NY,0.700000,0,0
2042,NY,0.700000,0,0
2043,NY,0.700000,0,0
2044,NY,0.700000,0,0
2045,NY,0.700000,0,0
2046,NY,0.700000,0,0
2047,NY,0.700000,0,0
2048,NY,0.700000,0,0
2049,NY,0.700000,0,0
2050,NY,0.700000,0,0
2010,OH,0.004337,0.000087,0
2011,OH,0.008402,0.000252,0
2012,OH,0.012752,0.000510,0
2013,OH,0.017143,0.000771,0
2014,OH,0.021863,0.001049,0
2015,OH,0.021133,0.001014,0
2016,OH,0.019521,0.000937,0
2017,OH,0.026497,0.001136,0
2018,OH,0.032843,0.001314,0
2019,OH,0.043649,0.001746,0
2020,OH,0.046852,0,0
2021,OH,0.048371,0,0
2022,OH,0.049291,0,0
2023,OH,0.052189,0,0
2024,OH,0.053078,0,0
2025,OH,0.055501,0,0
2026,OH,0.060881,0,0
2027,OH,0,0,0
2028,OH,0,0,0
2029,OH,0,0,0
2030,OH,0,0,0
2031,OH,0,0,0
2032,OH,0,0,0
2033,OH,0,0,0
2034,OH,0,0,0
2035,OH,0,0,0
2036,OH,0,0,0
2037,OH,0,0,0
2038,OH,0,0,0
2039,OH,0,0,0
2040,OH,0,0,0
2041,OH,0,0,0
2042,OH,0,0,0
2043,OH,0,0,0
2044,OH,0,0,0
2045,OH,0,0,0
2046,OH,0,0,0
2047,OH,0,0,0
2048,OH,0,0,0
2049,OH,0,0,0
2050,OH,0,0,0
2010,OR,0,0,0
2011,OR,0.034395,0,0
2012,OR,0.034437,0,0
2013,OR,0.034380,0,0
2014,OR,0.034356,0,0
2015,OR,0.103117,0.000253,0
2016,OR,0.101922,0.000252,0
2017,OR,0.099957,0.000239,0
2018,OR,0.098935,0.000242,0
2019,OR,0.097774,0.000237,0
2020,OR,0.135196,0.000234,0
2021,OR,0.133309,0.000221,0
2022,OR,0.131334,0.000212,0
2023,OR,0.129124,0.000206,0
2024,OR,0.126633,0.000200,0
2025,OR,0.171030,0.000194,0
2026,OR,0.171036,0.000189,0
2027,OR,0.171030,0.000194,0
2028,OR,0.171034,0.000190,0
2029,OR,0.171037,0.000187,0
2030,OR,0.221773,0.000184,0
2031,OR,0.221777,0.000180,0
2032,OR,0.221781,0.000176,0
2033,OR,0.221786,0.000172,0
2034,OR,0.221790,0.000167,0
2035,OR,0.285211,0.000163,0
2036,OR,0.285214,0.000159,0
2037,OR,0.285218,0.000156,0
2038,OR,0.285220,0.000154,0
2039,OR,0.285222,0.000151,0
2040,OR,0.316933,0.000148,0
2041,OR,0.316935,0.000146,0
2042,OR,0.316937,0.000144,0
2043,OR,0.316939,0.000143,0
2044,OR,0.316941,0.000141,0
2045,OR,0.316942,0.000140,0
2046,OR,0.316944,0.000138,0
2047,OR,0.316945,0.000137,0
2048,OR,0.316946,0.000136,0
2049,OR,0.316947,0.000135,0
2050,OR,0.316948,0.000134,0
2010,PA,0.003137,0.000015,0
2011,PA,0.029214,0.000198,0
2012,PA,0.034950,0.000325,0
2013,PA,0.038657,0.000493,0
2014,PA,0.043812,0.000818,0
2015,PA,0.048911,0.001409,0
2016,PA,0.054039,0.002456,0
2017,PA,0.059507,0.002909,0
2018,PA,0.060857,0.003183,0
2019,PA,0.069849,0.003892,0
2020,PA,0.075701,0.004474,0
2021,PA,0.076192,0.004762,0
2022,PA,0.077296,0.004831,0
2023,PA,0.081809,0.005113,0
2024,PA,0.076199,0.004762,0
2025,PA,0.077449,0.004841,0
2026,PA,0.076893,0.004806,0
2027,PA,0.078502,0.004906,0
2028,PA,0.077390,0.004837,0
2029,PA,0.077226,0.004827,0
2030,PA,0.077320,0.004832,0
2031,PA,0.077545,0.004847,0
2032,PA,0.076932,0.004808,0
2033,PA,0.076767,0.004798,0
2034,PA,0.076564,0.004785,0
2035,PA,0.076549,0.004784,0
2036,PA,0.076694,0.004793,0
2037,PA,0.076801,0.004800,0
2038,PA,0.077241,0.004828,0
2039,PA,0.076860,0.004804,0
2040,PA,0.076988,0.004812,0
2041,PA,0.077066,0.004817,0
2042,PA,0.077226,0.004827,0
2043,PA,0.077317,0.004832,0
2044,PA,0.077440,0.004840,0
2045,PA,0.077454,0.004841,0
2046,PA,0.077453,0.004841,0
2047,PA,0.077579,0.004849,0
2048,PA,0.077641,0.004853,0
2049,PA,0.077736,0.004858,0
2050,PA,0.077702,0.004856,0
2010,RI,0.044691,0,0
2011,RI,0.054617,0,0
2012,RI,0.064537,0,0
2013,RI,0.074440,0,0
2014,RI,0.084368,0,0
2015,RI,0.084374,0,0
2016,RI,0.099245,0,0
2017,RI,0.114161,0,0
2018,RI,0.129036,0,0
2019,RI,0.143667,0,0
2020,RI,0.158527,0,0
2021,RI,0.173380,0,0
2022,RI,0.188250,0,0
2023,RI,0.227839,0,0
2024,RI,0.277370,0,0
2025,RI,0.336806,0,0
2026,RI,0.406148,0,0
2027,RI,0.475491,0,0
2028,RI,0.549786,0,0
2029,RI,0.629035,0,0
2030,RI,0.713236,0,0
2031,RI,0.802391,0,0
2032,RI,0.896498,0,0
2033,RI,0.990606,0,0
2034,RI,0.990606,0,0
2035,RI,0.990606,0,0
2036,RI,0.990606,0,0
2037,RI,0.990606,0,0
2038,RI,0.990606,0,0
2039,RI,0.990606,0,0
2040,RI,0.990606,0,0
2041,RI,0.990606,0,0
2042,RI,0.990606,0,0
2043,RI,0.990606,0,0
2044,RI,0.990606,0,0
2045,RI,0.990606,0,0
2046,RI,0.990606,0,0
2047,RI,0.990606,0,0
2048,RI,0.990606,0,0
2049,RI,0.990606,0,0
2050,RI,0.990606,0,0
2010,TX,0.024811,0,0
2011,TX,0.030781,0,0
2012,TX,0.033272,0,0
2013,TX,0.040227,0,0
2014,TX,0.039967,0,0
2015,TX,0.044410,0,0
2016,TX,0.045259,0,0
2017,TX,0.044901,0,0
2018,TX,0.042516,0,0
2019,TX,0.042030,0,0
2020,TX,0.042277,0,0
2021,TX,0.041429,0,0
2022,TX,0.037966,0,0
2023,TX,0.036626,0,0
2024,TX,0.035712,0,0
2025,TX,0,0,0
2026,TX,0,0,0
2027,TX,0,0,0
2028,TX,0,0,0
2029,TX,0,0,0
2030,TX,0,0,0
2031,TX,0,0,0
2032,TX,0,0,0
2033,TX,0,0,0
2034,TX,0,0,0
2035,TX,0,0,0
2036,TX,0,0,0
2037,TX,0,0,0
2038,TX,0,0,0
2039,TX,0,0,0
2040,TX,0,0,0
2041,TX,0,0,0
2042,TX,0,0,0
2043,TX,0,0,0
2044,TX,0,0,0
2045,TX,0,0,0
2046,TX,0,0,0
2047,TX,0,0,0
2048,TX,0,0,0
2049,TX,0,0,0
2050,TX,0,0,0
2010,VA,0,0,0
2011,VA,0,0,0
2012,VA,0,0,0
2013,VA,0,0,0
2014,VA,0,0,0
2015,VA,0,0,0
2016,VA,0,0,0
2017,VA,0,0,0
2018,VA,0,0,0
2019,VA,0,0,0
2020,VA,0,0,0
2021,VA,0.066505,0,0
2022,VA,0.075528,0,0
2023,VA,0.091796,0,0
2024,VA,0.109275,0,0
2025,VA,0.128182,0,0
2026,VA,0.144892,0,0
2027,VA,0.161362,0,0
2028,VA,0.179376,0,0
2029,VA,0.196642,0,0
2030,VA,0.213975,0,0
2031,VA,0.235969,0,0
2032,VA,0.258394,0,0
2033,VA,0.276547,0,0
2034,VA,0.295064,0,0
2035,VA,0.318508,0,0
2036,VA,0.346748,0,0
2037,VA,0.367731,0,0
2038,VA,0.392452,0,0
2039,VA,0.417299,0,0
2040,VA,0.442162,0,0
2041,VA,0.466202,0,0
2042,VA,0.490305,0,0
2043,VA,0.514424,0,0
2044,VA,0.538588,0,0
2045,VA,0.567798,0,0
2046,VA,0.573213,0,0
2047,VA,0.578489,0,0
2048,VA,0.583627,0,0
2049,VA,0.588598,0,0
2050,VA,0.593502,0,0
2010,VT,0,0,0
2011,VT,0,0,0
2012,VT,0,0,0
2013,VT,0,0,0
2014,VT,0,0,0
2015,VT,0,0,0
2016,VT,0,0,0
2017,VT,0.550000,0,0
2018,VT,0.550000,0,0
2019,VT,0.550000,0,0
2020,VT,0.590000,0,0
2021,VT,0.590000,0,0
2022,VT,0.590000,0,0
2023,VT,0.630000,0,0
2024,VT,0.630000,0,0
2025,VT,0.630000,0,0
2026,VT,0.670000,0,0
2027,VT,0.710000,0,0
2028,VT,0.750000,0,0
2029,VT,0.790000,0,0
2030,VT,0.989836,0,0
2031,VT,0.992228,0,0
2032,VT,0.994619,0,0
2033,VT,0.997011,0,0
2034,VT,0.999402,0,0
2035,VT,1,0,0
2036,VT,1,0,0
2037,VT,1,0,0
2038,VT,1,0,0
2039,VT,1,0,0
2040,VT,1,0,0
2041,VT,1,0,0
2042,VT,1,0,0
2043,VT,1,0,0
2044,VT,1,0,0
2045,VT,1,0,0
2046,VT,1,0,0
2047,VT,1,0,0
2048,VT,1,0,0
2049,VT,1,0,0
2050,VT,1,0,0
2010,WA,0,0,0
2011,WA,0,0,0
2012,WA,0.024046,0,0
2013,WA,0.023797,0,0
2014,WA,0.024033,0,0
2015,WA,0.024399,0,0
2016,WA,0.074048,0,0
2017,WA,0.071624,0,0
2018,WA,0.074546,0,0
2019,WA,0.074237,0,0
2020,WA,0.128489,0,0
2021,WA,0.126837,0,0
2022,WA,0.125714,0,0
2023,WA,0.131950,0,0
2024,WA,0.131881,0,0
2025,WA,0.129339,0,0
2026,WA,0.126811,0,0
2027,WA,0.132954,0,0
2028,WA,0.130731,0,0
2029,WA,0.127893,0,0
2030,WA,0.127804,0,0
2031,WA,0.127346,0,0
2032,WA,0.126810,0,0
2033,WA,0.126639,0,0
2034,WA,0.126039,0,0
2035,WA,0.126357,0,0
2036,WA,0.126687,0,0
2037,WA,0.126942,0,0
2038,WA,0.128346,0,0
2039,WA,0.128027,0,0
2040,WA,0.127801,0,0
2041,WA,0.128165,0,0
2042,WA,0.128531,0,0
2043,WA,0.128836,0,0
2044,WA,0.129025,0,0
2045,WA,0.129127,0,0
2046,WA,0.129170,0,0
2047,WA,0.129323,0,0
2048,WA,0.129510,0,0
2049,WA,0.129684,0,0
2050,WA,0.129770,0,0
2010,WI,0.060422,0,0
2011,WI,0.059803,0,0
2012,WI,0.059183,0,0
2013,WI,0.059917,0,0
2014,WI,0.059359,0,0
2015,WI,0.100506,0,0
2016,WI,0.098952,0,0
2017,WI,0.100334,0,0
2018,WI,0.097490,0,0
2019,WI,0.101115,0,0
2020,WI,0.103388,0,0
2021,WI,0.099648,0,0
2022,WI,0.098279,0,0
2023,WI,0.100512,0,0
2024,WI,0.101461,0,0
2025,WI,0.098191,0,0
2026,WI,0.096212,0,0
2027,WI,0.099213,0,0
2028,WI,0.100087,0,0
2029,WI,0.100217,0,0
2030,WI,0.099525,0,0
2031,WI,0.099414,0,0
2032,WI,0.098999,0,0
2033,WI,0.098620,0,0
2034,WI,0.097921,0,0
2035,WI,0.097407,0,0
2036,WI,0.097075,0,0
2037,WI,0.096982,0,0
2038,WI,0.097255,0,0
2039,WI,0.097339,0,0
2040,WI,0.097631,0,0
2041,WI,0.097847,0,0
2042,WI,0.098089,0,0
2043,WI,0.098299,0,0
2044,WI,0.098586,0,0
2045,WI,0.098722,0,0
2046,WI,0.098714,0,0
2047,WI,0.098748,0,0
2048,WI,0.098842,0,0
2049,WI,0.098999,0,0
2050,WI,0.099064,0,0
2010,voluntary,0.009722,0,0
2011,voluntary,0.011713,0,0
2012,voluntary,0.014350,0,0
2013,voluntary,0.016916,0,0
2014,voluntary,0.018124,0,0
2015,voluntary,0.020821,0,0
2016,voluntary,0.023127,0,0
2017,voluntary,0.027167,0,0
2018,voluntary,0.032475,0,0
2019,voluntary,0.038784,0,0
2020,voluntary,0.048610,0,0
2021,voluntary,0.057369,0,0
2022,voluntary,0.063270,0,0
2023,voluntary,0.070446,0,0
2024,voluntary,0.079580,0,0
2025,voluntary,0.080788,0,0
2026,voluntary,0.081997,0,0
2027,voluntary,0.083205,0,0
2028,voluntary,0.084414,0,0
2029,voluntary,0.085622,0,0
2030,voluntary,0.086831,0,0
2031,voluntary,0.088039,0,0
2032,voluntary,0.089248,0,0
2033,voluntary,0.090457,0,0
2034,voluntary,0.091665,0,0
2035,voluntary,0.092874,0,0
2036,voluntary,0.094082,0,0
2037,voluntary,0.095291,0,0
2038,voluntary,0.096499,0,0
2039,voluntary,0.097708,0,0
2040,voluntary,0.098916,0,0
2041,voluntary,0.100125,0,0
2042,voluntary,0.101334,0,0
2043,voluntary,0.102542,0,0
2044,voluntary,0.103751,0,0
2045,voluntary,0.104959,0,0
2046,voluntary,0.106168,0,0
2047,voluntary,0.107376,0,0
2048,voluntary,0.108585,0,0
2049,voluntary,0.109793,0,0
2050,voluntary,0.111002,0,0
