t,st,rps_all,rps_solar,rps_wind
2010,AZ,0.01470008569203835,0.0,0.0
2011,AZ,0.017573775035580434,0.0,0.0
2012,AZ,0.020747140876371722,0.0,0.0
2013,AZ,0.023508464957567452,0.0,0.0
2014,AZ,0.026211198179062433,0.0,0.0
2015,AZ,0.029495322271437197,0.0,0.0
2016,AZ,0.03524253449924454,0.0,0.0
2017,AZ,0.04100700791689536,0.0,0.0
2018,AZ,0.04655704522546701,0.0,0.0
2019,AZ,0.05143277631300714,0.0,0.0
2020,AZ,0.05873449002858846,0.0,0.0
2021,AZ,0.06461958077880382,0.0,0.0
2022,AZ,0.07059049254389885,0.0,0.0
2023,AZ,0.07654150302273785,0.0,0.0
2024,AZ,0.08242931094756385,0.0,0.0
2025,AZ,0.08831711887238983,0.0,0.0
2026,AZ,0.0883171188723898,0.0,0.0
2027,AZ,0.08831711887238983,0.0,0.0
2028,AZ,0.0883171188723898,0.0,0.0
2029,AZ,0.08831711887238981,0.0,0.0
2030,AZ,0.08831711887238981,0.0,0.0
2031,AZ,0.08831711887238981,0.0,0.0
2032,AZ,0.08831711887238983,0.0,0.0
2033,AZ,0.08831711887238984,0.0,0.0
2034,AZ,0.08831711887238984,0.0,0.0
2035,AZ,0.08831711887238985,0.0,0.0
2036,AZ,0.08831711887238985,0.0,0.0
2037,AZ,0.08831711887238985,0.0,0.0
2038,AZ,0.08831711887238985,0.0,0.0
2039,AZ,0.08831711887238983,0.0,0.0
2040,AZ,0.08831711887238984,0.0,0.0
2041,AZ,0.08831711887238984,0.0,0.0
2042,AZ,0.08831711887238983,0.0,0.0
2043,AZ,0.08831711887238983,0.0,0.0
2044,AZ,0.08831711887238984,0.0,0.0
2045,AZ,0.08831711887238981,0.0,0.0
2046,AZ,0.0883171188723898,0.0,0.0
2047,AZ,0.08831711887238981,0.0,0.0
2048,AZ,0.0883171188723898,0.0,0.0
2049,AZ,0.08831711887238979,0.0,0.0
2050,AZ,0.08831711887238977,0.0,0.0
2010,CA,0.16877490510014997,0.0,0.0
2011,CA,0.19728314764896898,0.0,0.0
2012,CA,0.1973249510477631,0.0,0.0
2013,CA,0.1972417408310773,0.0,0.0
2014,CA,0.20853686161844356,0.0,0.0
2015,CA,0.22086755314548248,0.0,0.0
2016,CA,0.2450391128521983,0.0,0.0
2017,CA,0.2639269015853366,0.0,0.0
2018,CA,0.2837526401864058,0.0,0.0
2019,CA,0.30204718757344756,0.0,0.0
2020,CA,0.31933463591142275,0.0,0.0
2021,CA,0.3465638403013428,0.0,0.0
2022,CA,0.3736869734939639,0.0,0.0
2023,CA,0.3994319697443771,0.0,0.0
2024,CA,0.42554090600445865,0.0,0.0
2025,CA,0.45456241331144853,0.0,0.0
2026,CA,0.47584122439895615,0.0,0.0
2027,CA,0.5029160938555973,0.0,0.0
2028,CA,0.528057418756667,0.0,0.0
2029,CA,0.5531983890705516,0.0,0.0
2030,CA,0.5802733110521615,0.0,0.0
2031,CA,0.5802691371418228,0.0,0.0
2032,CA,0.5802622988130491,0.0,0.0
2033,CA,0.5802547595359161,0.0,0.0
2034,CA,0.5802463541808549,0.0,0.0
2035,CA,0.5802380476184413,0.0,0.0
2036,CA,0.5802307087761875,0.0,0.0
2037,CA,0.5802241674102578,0.0,0.0
2038,CA,0.580217999857439,0.0,0.0
2039,CA,0.5802120229756697,0.0,0.0
2040,CA,0.5802066085346889,0.0,0.0
2041,CA,0.5802020578751443,0.0,0.0
2042,CA,0.5801982370528878,0.0,0.0
2043,CA,0.5801951897529571,0.0,0.0
2044,CA,0.5801923707948914,0.0,0.0
2045,CA,0.580189688178143,0.0,0.0
2046,CA,0.5801874818638604,0.0,0.0
2047,CA,0.580185089103714,0.0,0.0
2048,CA,0.5801827655309302,0.0,0.0
2049,CA,0.5801806356372529,0.0,0.0
2050,CA,0.5801787027673752,0.0,0.0
2010,CO,0.024734028353565255,0.0,0.0
2011,CO,0.06133955536150373,0.0,0.0
2012,CO,0.062493756879127074,0.0,0.0
2013,CO,0.06282131671917882,0.0,0.0
2014,CO,0.0626795588249282,0.0,0.0
2015,CO,0.10716646120414378,0.0,0.0
2016,CO,0.10658282365710797,0.0,0.0
2017,CO,0.10626655699459203,0.0,0.0
2018,CO,0.1068653636512738,0.0,0.0
2019,CO,0.1049519529098173,0.0,0.0
2020,CO,0.19409224522227936,0.0,0.0
2021,CO,0.19408151439838536,0.0,0.0
2022,CO,0.19501849444122887,0.0,0.0
2023,CO,0.19396769864923336,0.0,0.0
2024,CO,0.1948165433288667,0.0,0.0
2025,CO,0.1951359482193836,0.0,0.0
2026,CO,0.19538781404821545,0.0,0.0
2027,CO,0.1959632191235578,0.0,0.0
2028,CO,0.19646786290696847,0.0,0.0
2029,CO,0.1971935426479034,0.0,0.0
2030,CO,0.19794241451851943,0.0,0.0
2031,CO,0.1987860021579011,0.0,0.0
2032,CO,0.1997991032737836,0.0,0.0
2033,CO,0.20088095514434345,0.0,0.0
2034,CO,0.20205658630800705,0.0,0.0
2035,CO,0.20318861601513327,0.0,0.0
2036,CO,0.20417168740145578,0.0,0.0
2037,CO,0.20504451492633696,0.0,0.0
2038,CO,0.2058741790122805,0.0,0.0
2039,CO,0.20664106616564612,0.0,0.0
2040,CO,0.20737566541561875,0.0,0.0
2041,CO,0.2080593123418939,0.0,0.0
2042,CO,0.2086719899942855,0.0,0.0
2043,CO,0.20921605632602427,0.0,0.0
2044,CO,0.20970944532310087,0.0,0.0
2045,CO,0.21019840341100363,0.0,0.0
2046,CO,0.2106633403543292,0.0,0.0
2047,CO,0.21112840214504147,0.0,0.0
2048,CO,0.21158084847881573,0.0,0.0
2049,CO,0.2120420718357577,0.0,0.0
2050,CO,0.21248640602292476,0.0,0.0
2010,CT,0.09999999999999999,0.0,0.0
2011,CT,0.10999999999999999,0.0,0.0
2012,CT,0.12,0.0,0.0
2013,CT,0.12999671409482236,0.0,0.0
2014,CT,0.14,0.0,0.0
2015,CT,0.155,0.0,0.0
2016,CT,0.17,0.0,0.0
2017,CT,0.185,0.0,0.0
2018,CT,0.21000000000000002,0.0,0.0
2019,CT,0.23500000000000001,0.0,0.0
2020,CT,0.25,0.0,0.0
2021,CT,0.26499999999999996,0.0,0.0
2022,CT,0.27999999999999997,0.0,0.0
2023,CT,0.30000000000000004,0.0,0.0
2024,CT,0.32,0.0,0.0
2025,CT,0.33999999999999997,0.0,0.0
2026,CT,0.36000000000000004,0.0,0.0
2027,CT,0.38,0.0,0.0
2028,CT,0.40000000000000013,0.0,0.0
2029,CT,0.42,0.0,0.0
2030,CT,0.44000000000000006,0.0,0.0
2031,CT,0.44000000000000017,0.0,0.0
2032,CT,0.4400000000000001,0.0,0.0
2033,CT,0.4400000000000001,0.0,0.0
2034,CT,0.4400000000000001,0.0,0.0
2035,CT,0.4400000000000001,0.0,0.0
2036,CT,0.44000000000000006,0.0,0.0
2037,CT,0.44,0.0,0.0
2038,CT,0.44,0.0,0.0
2039,CT,0.43999999999999995,0.0,0.0
2040,CT,0.43999999999999995,0.0,0.0
2041,CT,0.4399999999999999,0.0,0.0
2042,CT,0.4399999999999999,0.0,0.0
2043,CT,0.4399999999999999,0.0,0.0
2044,CT,0.43999999999999995,0.0,0.0
2045,CT,0.43999999999999995,0.0,0.0
2046,CT,0.4399999999999999,0.0,0.0
2047,CT,0.4399999999999999,0.0,0.0
2048,CT,0.43999999999999995,0.0,0.0
2049,CT,0.43999999999999995,0.0,0.0
2050,CT,0.43999999999999995,0.0,0.0
2010,DE,0.0238657619086165,8.369370246123667e-05,0.0
2011,DE,0.033086030678666625,0.00011011295359251419,0.0
2012,DE,0.045047764143171805,0.0011921182423830796,0.0
2013,DE,0.05620201860620285,0.0024531118310906724,0.0
2014,DE,0.06456175553225833,0.004690451222169979,0.0
2015,DE,0.0673581889590916,0.0067554328399544875,0.0
2016,DE,0.08257503526424496,0.008812713337107066,0.0
2017,DE,0.09369388886349934,0.0108166128795416,0.0
2018,DE,0.09867344153614463,0.01200779264411917,0.0
2019,DE,0.12332677138465771,0.015207902502370026,0.0
2020,DE,0.1365738222272932,0.01743326871121757,0.0
2021,DE,0.13488753541359633,0.01833383895597513,0.0
2022,DE,0.14847458059852303,0.020896398525505382,0.0
2023,DE,0.1677130311969,0.02438735279597559,0.0
2024,DE,0.1642213481631609,0.024907667177497417,0.0
2025,DE,0.1764029819628245,0.027349765814575374,0.0
2026,DE,0.18727036329675112,0.02968655225044185,0.0
2027,DE,0.19010394299251826,0.03151954656365033,0.0
2028,DE,0.19564055101729058,0.033734298363077654,0.0
2029,DE,0.19962760303930493,0.035704581772609885,0.0
2030,DE,0.20468968643822907,0.03783782944943685,0.0
2031,DE,0.21393164785349902,0.042045341887354606,0.0
2032,DE,0.23113845293144272,0.04858300460330946,0.0
2033,DE,0.24960296101876694,0.05534855459720084,0.0
2034,DE,0.26714114003560613,0.061917094922347704,0.0
2035,DE,0.2938928117264107,0.07020347003967424,0.0
2036,DE,0.32004155939989765,0.0834379945595131,0.0
2037,DE,0.3212495040977004,0.08357360278522089,0.0
2038,DE,0.3217614075338577,0.08354541090499767,0.0
2039,DE,0.3222412085189216,0.08350914691802537,0.0
2040,DE,0.32342393532495184,0.0836542846555333,0.0
2041,DE,0.32467458160426754,0.08383350594093689,0.0
2042,DE,0.3257627425711006,0.08398975690039664,0.0
2043,DE,0.3264651706411829,0.08406274996256106,0.0
2044,DE,0.32719439887138124,0.08415063671338761,0.0
2045,DE,0.3275478631622145,0.08415103869069618,0.0
2046,DE,0.3281998728915221,0.0842291500217739,0.0
2047,DE,0.3282766722278232,0.08416758998560601,0.0
2048,DE,0.3285676730206149,0.08415650018865962,0.0
2049,DE,0.3289100026133391,0.08415859056035277,0.0
2050,DE,0.3290443089869177,0.08410867369091526,0.0
2010,IA,0.006508928355116569,0.0,0.0
2011,IA,0.006479044944092172,0.0,0.0
2012,IA,0.006471359094797316,0.0,0.0
2013,IA,0.006326299221463118,0.0,0.0
2014,IA,0.006266703131336814,0.0,0.0
2015,IA,0.006273955113393255,0.0,0.0
2016,IA,0.0061076339787871844,0.0,0.0
2017,IA,0.0060463598818339325,0.0,0.0
2018,IA,0.005776141703323264,0.0,0.0
2019,IA,0.005795097120577281,0.0,0.0
2020,IA,0.0058412481455814395,0.0,0.0
2021,IA,0.005592393996294689,0.0,0.0
2022,IA,0.005457166363598376,0.0,0.0
2023,IA,0.005437474112025827,0.0,0.0
2024,IA,0.005385303979722267,0.0,0.0
2025,IA,0.005279600090212765,0.0,0.0
2026,IA,0.005308400335331164,0.0,0.0
2027,IA,0.0052689517786914265,0.0,0.0
2028,IA,0.005242640950466768,0.0,0.0
2029,IA,0.0051963195590327286,0.0,0.0
2030,IA,0.0051462397601057175,0.0,0.0
2031,IA,0.0050911719057913935,0.0,0.0
2032,IA,0.005011275713325806,0.0,0.0
2033,IA,0.004926687399605672,0.0,0.0
2034,IA,0.004821455991340529,0.0,0.0
2035,IA,0.004716778569008205,0.0,0.0
2036,IA,0.004619578733194566,0.0,0.0
2037,IA,0.004535299473660202,0.0,0.0
2038,IA,0.004456067174876183,0.0,0.0
2039,IA,0.004380114681093669,0.0,0.0
2040,IA,0.004309593889086362,0.0,0.0
2041,IA,0.004246641410799261,0.0,0.0
2042,IA,0.004186695277592823,0.0,0.0
2043,IA,0.004131037912556559,0.0,0.0
2044,IA,0.004080143212841064,0.0,0.0
2045,IA,0.004035491573017799,0.0,0.0
2046,IA,0.003993107697766396,0.0,0.0
2047,IA,0.0039471489662490445,0.0,0.0
2048,IA,0.0039018992049370785,0.0,0.0
2049,IA,0.0038572950585454954,0.0,0.0
2050,IA,0.0038166843422605956,0.0,0.0
2010,IL,0.02365493909794542,0.0,0.0
2011,IL,0.03242537694259595,0.0,0.0
2012,IL,0.03765699557159935,0.0,0.0
2013,IL,0.04690451053980228,0.0,0.0
2014,IL,0.05352513004350999,0.0,0.0
2015,IL,0.05628625872635811,0.0,0.0
2016,IL,0.04716161488691606,0.0,0.0
2017,IL,0.05681819442888079,0.0,0.0
2018,IL,0.06203446409942152,0.0,0.0
2019,IL,0.1041021381810108,0.0,0.0
2020,IL,0.15165833016114239,0.0,0.0
2021,IL,0.1685921717595472,0.014752258899075207,0.014752258899075207
2022,IL,0.17513247937322135,0.04051920215304011,0.033152074488851005
2023,IL,0.19339766655289822,0.05858600103602547,0.0479340008476572
2024,IL,0.20837117877210654,0.0734979234205851,0.06013466461684235
2025,IL,0.21809028422109134,0.08764669761235684,0.07171093441011014
2026,IL,0.2210608154836212,0.10262274810247718,0.0839640666292995
2027,IL,0.24991624892036074,0.11697623144535543,0.09570782572801807
2028,IL,0.2805423682222886,0.13137694805389588,0.1074902302259148
2029,IL,0.3070966301076889,0.14535063998339554,0.11892325089550544
2030,IL,0.33464307746201327,0.15903539820207793,0.13011987125624558
2031,IL,0.3608734057544516,0.17226935493567466,0.14094765403827925
2032,IL,0.35842070449200975,0.16951981335904634,0.138698029111947
2033,IL,0.3559765034184711,0.16678947611952075,0.1364641168250624
2034,IL,0.3525825446215173,0.16348166312494516,0.13375772437495512
2035,IL,0.3509600422533929,0.16013208232060688,0.1310171582623147
2036,IL,0.3493449280495821,0.15682788980324838,0.12831372802083957
2037,IL,0.34998677474222567,0.15400006095095445,0.1260000498689627
2038,IL,0.3511072371527242,0.15132766972064288,0.12381354795325325
2039,IL,0.35213669866381503,0.1486396928116371,0.12161429411861216
2040,IL,0.35253069752876975,0.14612281998159615,0.11955503453039684
2041,IL,0.44170618032929704,0.14392691589396445,0.11775838573142544
2042,IL,0.44341554366435404,0.1419174865757018,0.11611430719830147
2043,IL,0.4451809014923747,0.14006988382545596,0.11460263222082759
2044,IL,0.44653715341518585,0.1383852548042528,0.11322429938529772
2045,IL,0.4479955055630209,0.13689883960764426,0.11200814149716348
2046,IL,0.44922807265767567,0.13548831922244817,0.11085407936382122
2047,IL,0.4496592599979534,0.1339872760610803,0.10962595314088386
2048,IL,0.4498128084508779,0.13259336233765356,0.108485478276262
2049,IL,0.4499229679498255,0.13125934055068675,0.10739400590510732
2050,IL,0.450360963093348,0.12993151315647106,0.1063076016734763
2010,KS,0.0,0.0,0.0
2011,KS,0.07036047758206293,0.0,0.0
2012,KS,0.07206912463735446,0.0,0.0
2013,KS,0.07430519614856887,0.0,0.0
2014,KS,0.07262776476014446,0.0,0.0
2015,KS,0.0,0.0,0.0
2016,KS,0.0,0.0,0.0
2017,KS,0.0,0.0,0.0
2018,KS,0.0,0.0,0.0
2019,KS,0.0,0.0,0.0
2020,KS,0.0,0.0,0.0
2021,KS,0.0,0.0,0.0
2022,KS,0.0,0.0,0.0
2023,KS,0.0,0.0,0.0
2024,KS,0.0,0.0,0.0
2025,KS,0.0,0.0,0.0
2026,KS,0.0,0.0,0.0
2027,KS,0.0,0.0,0.0
2028,KS,0.0,0.0,0.0
2029,KS,0.0,0.0,0.0
2030,KS,0.0,0.0,0.0
2031,KS,0.0,0.0,0.0
2032,KS,0.0,0.0,0.0
2033,KS,0.0,0.0,0.0
2034,KS,0.0,0.0,0.0
2035,KS,0.0,0.0,0.0
2036,KS,0.0,0.0,0.0
2037,KS,0.0,0.0,0.0
2038,KS,0.0,0.0,0.0
2039,KS,0.0,0.0,0.0
2040,KS,0.0,0.0,0.0
2041,KS,0.0,0.0,0.0
2042,KS,0.0,0.0,0.0
2043,KS,0.0,0.0,0.0
2044,KS,0.0,0.0,0.0
2045,KS,0.0,0.0,0.0
2046,KS,0.0,0.0,0.0
2047,KS,0.0,0.0,0.0
2048,KS,0.0,0.0,0.0
2049,KS,0.0,0.0,0.0
2050,KS,0.0,0.0,0.0
2010,MA,0.07406176839178266,0.0006013446082337743,0.0
2011,MA,0.08239223927974329,0.0014217459036802206,0.0
2012,MA,0.09230531420596988,0.0014827363270890994,0.0
2013,MA,0.08264652547179192,0.0034445187503430014,0.0
2014,MA,0.09348921583971041,0.009387437049476586,0.0
2015,MA,0.10461344087596096,0.022682118310053793,0.0
2016,MA,0.11773076951837906,0.023777368070422234,0.0
2017,MA,0.12693296623373612,0.044268379721470824,0.0
2018,MA,0.13564159876263357,0.05645011456800901,0.0
2019,MA,0.14289671603087836,0.060607870974902216,0.0
2020,MA,0.17043190303009081,0.0700316175290056,0.0
2021,MA,0.19133048090713056,0.0795454299676874,0.0
2022,MA,0.20925857793012648,0.08528504646187848,0.0
2023,MA,0.22595690696987122,0.08207963292017884,0.0
2024,MA,0.2448329989427038,0.07572433884844566,0.0
2025,MA,0.26979265869361274,0.07734358790095448,0.0
2026,MA,0.2977914411053104,0.08165234960197779,0.0
2027,MA,0.32440372359908254,0.08412164376218956,0.0
2028,MA,0.35101600609285477,0.08686003062859153,0.0
2029,MA,0.3776282885866269,0.08906433603053919,0.0
2030,MA,0.38649904941788427,0.09150876483642988,0.0
2031,MA,0.39536981024914164,0.09383452724606096,0.0
2032,MA,0.40424057108039907,0.09608882584349325,0.0
2033,MA,0.4131113319116565,0.09858945705514134,0.0
2034,MA,0.4219820927429139,0.10048343065314774,0.0
2035,MA,0.43085285357417125,0.1019503954388678,0.0
2036,MA,0.43972361440542873,0.10312144562732266,0.0
2037,MA,0.44859437523668616,0.10440691704108626,0.0
2038,MA,0.45746513606794353,0.104864277811634,0.0
2039,MA,0.4663358968992009,0.10277905978226286,0.0
2040,MA,0.4752066577304583,0.10091790461713238,0.0
2041,MA,0.4840774185617157,0.09928743120578803,0.0
2042,MA,0.49294817939297325,0.09783388020951098,0.0
2043,MA,0.5018189402242305,0.0965137335174153,0.0
2044,MA,0.5106897010554878,0.09529661009902418,0.0
2045,MA,0.5195604618867452,0.09421002397651981,0.0
2046,MA,0.5284312227180028,0.09327786172402416,0.0
2047,MA,0.5373019835492601,0.09232930816750334,0.0
2048,MA,0.5461727443805175,0.09142071574451147,0.0
2049,MA,0.5550435052117749,0.0905283040836701,0.0
2050,MA,0.5639142660430324,0.08963334032687827,0.0
2010,MD,0.05381134563936435,0.0006232483744567086,0.0
2011,MD,0.07152989559613762,0.0010010225554662484,0.0
2012,MD,0.08595428010677943,0.001535813832387207,0.0
2013,MD,0.10201705514149403,0.00266903259882593,0.0
2014,MD,0.12173408253519541,0.003590936149925436,0.0
2015,MD,0.1254979617868896,0.0048798603936135625,0.0
2016,MD,0.14584851279259928,0.006613460808076052,0.0
2017,MD,0.15090777381808856,0.010211449011951656,0.0
2018,MD,0.17517284987220888,0.013083769314897657,0.0
2019,MD,0.21830628107486785,0.04451703269182839,0.0
2020,MD,0.2819152336041596,0.05063560749302431,0.0
2021,MD,0.31436343582560156,0.062538436616252,0.0
2022,MD,0.3177909758761681,0.047548297511165356,0.0
2023,MD,0.34153636024100065,0.05172551178430943,0.0
2024,MD,0.36322398076689855,0.054422900556738124,0.001168303810290078
2025,MD,0.3845343577167949,0.05557747212904717,0.013852745179153778
2026,MD,0.4103894968390583,0.06055817063989053,0.021771630982542978
2027,MD,0.44463070768852886,0.06954938816789827,0.10780204209675513
2028,MD,0.4654169045803244,0.08168810803349354,0.10780204209675516
2029,MD,0.5296500610548676,0.0936441903524022,0.10780204209675517
2030,MD,0.5442870332342202,0.10940389641480253,0.10780204209675516
2031,MD,0.5547894615356229,0.10990293617537923,0.10780204209675515
2032,MD,0.5638476448482823,0.11043971443474275,0.10780204209675515
2033,MD,0.5639996701235479,0.11133273145377315,0.10780204209675517
2034,MD,0.5641715178718449,0.11224557094583507,0.10780204209675515
2035,MD,0.5643514107613257,0.1131664555790807,0.10780204209675517
2036,MD,0.5645434557738085,0.11409949233532847,0.10780204209675513
2037,MD,0.5647167052131374,0.11501373351842213,0.10780204209675515
2038,MD,0.5648898050108873,0.11592782505993687,0.10780204209675517
2039,MD,0.5650634999948568,0.11684251178767129,0.10780204209675513
2040,MD,0.5652187489302812,0.11773875246686064,0.10780204209675516
2041,MD,0.565352950036945,0.11861394531728921,0.10780204209675515
2042,MD,0.5654693498533612,0.1187303451337054,0.10780204209675517
2043,MD,0.5655769194011016,0.11883791468144578,0.10780204209675517
2044,MD,0.5656745025248102,0.11893549780515437,0.10780204209675516
2045,MD,0.5657709061940094,0.11903190147435361,0.10780204209675515
2046,MD,0.5658587019656403,0.11911969724598445,0.10780204209675517
2047,MD,0.5659513854381913,0.11921238071853538,0.1078020420967552
2048,MD,0.5660440428256455,0.11930503810598939,0.10780204209675519
2049,MD,0.5661354301520061,0.11939642543235017,0.10780204209675516
2050,MD,0.5662303253534068,0.11949132063375084,0.10780204209675517
2010,ME,0.31308866046532036,0.0,0.0
2011,ME,0.3510433838190474,0.0,0.0
2012,ME,0.35569334386439994,0.0,0.0
2013,ME,0.37174920008460566,0.0,0.0
2014,ME,0.38620896225099616,0.0,0.0
2015,ME,0.39029213113499484,0.0,0.0
2016,ME,0.40017781457520135,0.0,0.0
2017,ME,0.41333204244490696,0.0,0.0
2018,ME,0.4051353150776941,0.0,0.0
2019,ME,0.40568055073334147,0.0,0.0
2020,ME,0.4371518871931172,0.0,0.0
2021,ME,0.4598965873386648,0.0,0.0
2022,ME,0.4887617632503287,0.0,0.0
2023,ME,0.5157635216306353,0.0,0.0
2024,ME,0.5525270243635579,0.0,0.0
2025,ME,0.5891854615652735,0.0,0.0
2026,ME,0.6258940321435594,0.0,0.0
2027,ME,0.6632070873767207,0.0,0.0
2028,ME,0.7006295180369198,0.0,0.0
2029,ME,0.7383010639853018,0.0,0.0
2030,ME,0.7852388564870698,0.0,0.0
2031,ME,0.785911287801817,0.0,0.0
2032,ME,0.7865492789431102,0.0,0.0
2033,ME,0.7870395194294338,0.0,0.0
2034,ME,0.7877439372185767,0.0,0.0
2035,ME,0.788565197884259,0.0,0.0
2036,ME,0.7894451426218249,0.0,0.0
2037,ME,0.7902269035942241,0.0,0.0
2038,ME,0.7910008291615078,0.0,0.0
2039,ME,0.791747770176793,0.0,0.0
2040,ME,0.7924144501637604,0.0,0.0
2041,ME,0.792998498185651,0.0,0.0
2042,ME,0.7935191712479568,0.0,0.0
2043,ME,0.7939920578701851,0.0,0.0
2044,ME,0.7944280407693616,0.0,0.0
2045,ME,0.7948172642127169,0.0,0.0
2046,ME,0.7951511718470661,0.0,0.0
2047,ME,0.7954909509716374,0.0,0.0
2048,ME,0.7958164157131419,0.0,0.0
2049,ME,0.796136084382131,0.0,0.0
2050,ME,0.7964566672313703,0.0,0.0
2010,MI,0.0,0.0,0.0
2011,MI,0.0,0.0,0.0
2012,MI,0.033180767482067115,0.0,0.0
2013,MI,0.046564339929746526,0.0,0.0
2014,MI,0.05698698334944067,0.0,0.0
2015,MI,0.09282983406124286,0.0,0.0
2016,MI,0.09106339826449011,0.0,0.0
2017,MI,0.0933589670031634,0.0,0.0
2018,MI,0.09071794470610682,0.0,0.0
2019,MI,0.11729572706139937,0.0,0.0
2020,MI,0.12241935311455206,0.0,0.0
2021,MI,0.138704692693707,0.0,0.0
2022,MI,0.13482231164188127,0.0,0.0
2023,MI,0.13511346736220123,0.0,0.0
2024,MI,0.13417043084070607,0.0,0.0
2025,MI,0.12888273099640912,0.0,0.0
2026,MI,0.12330324596982495,0.0,0.0
2027,MI,0.109236077401896,0.0,0.0
2028,MI,0.09848775420451823,0.0,0.0
2029,MI,0.08918909009714776,0.0,0.0
2030,MI,0.3833777139838542,0.0,0.0
2031,MI,0.37855578533200407,0.0,0.0
2032,MI,0.3733857851224785,0.0,0.0
2033,MI,0.36783305352755,0.0,0.0
2034,MI,0.3618151698011622,0.0,0.0
2035,MI,0.44224131766896196,0.0,0.0
2036,MI,0.4404471903479915,0.0,0.0
2037,MI,0.4422011392051267,0.0,0.0
2038,MI,0.4447684606627062,0.0,0.0
2039,MI,0.4476233410107013,0.0,0.0
2040,MI,0.4507387108135778,0.0,0.0
2041,MI,0.45525481946322016,0.0,0.0
2042,MI,0.4582767110766995,0.0,0.0
2043,MI,0.46379740342222064,0.0,0.0
2044,MI,0.4696211751811849,0.0,0.0
2045,MI,0.4745111841922531,0.0,0.0
2046,MI,0.47671801537245856,0.0,0.0
2047,MI,0.47800231010547445,0.0,0.0
2048,MI,0.479466255441585,0.0,0.0
2049,MI,0.48098498283526886,0.0,0.0
2050,MI,0.48229753065965564,0.0,0.0
2010,MN,0.10772672177133735,0.0,0.0
2011,MN,0.10731422210986293,0.0,0.0
2012,MN,0.14776776834858904,0.0,0.0
2013,MN,0.147322963700159,0.0,0.0
2014,MN,0.14674551440498573,0.0,0.0
2015,MN,0.14721248940773335,0.0,0.0
2016,MN,0.2062775938662552,0.0,0.0
2017,MN,0.20529466328769494,0.0,0.0
2018,MN,0.20530758547043068,0.0,0.0
2019,MN,0.2046966945443656,0.0,0.0
2020,MN,0.24375674092820115,0.0075700197890531075,0.0
2021,MN,0.2431047539143303,0.007670748942230362,0.0
2022,MN,0.24334060414181566,0.00761374807395959,0.0
2023,MN,0.1998288896678912,0.007634725487390041,0.0
2024,MN,0.1998288896678912,0.007616005120045589,0.0
2025,MN,0.24978611208486393,0.007644231214358827,0.0
2026,MN,0.24978611208486393,0.0076365406890742,0.0
2027,MN,0.24978611208486393,0.007647074631442842,0.0
2028,MN,0.24978611208486393,0.007654100408094721,0.0
2029,MN,0.24978611208486393,0.007666469602543521,0.0
2030,MN,0.24978611208486393,0.007679842404001073,0.0
2031,MN,0.2497861120848639,0.007694547165166591,0.0
2032,MN,0.2497861120848639,0.007715881833874306,0.0
2033,MN,0.2497861120848639,0.0077384694390413575,0.0
2034,MN,0.2497861120848639,0.007766569366756315,0.0
2035,MN,0.5495294465867007,0.007794521363687829,0.0
2036,MN,0.5495294465867007,0.00782047662177377,0.0
2037,MN,0.5495294465867007,0.007842981700246337,0.0
2038,MN,0.5495294465867008,0.007864139089520373,0.0
2039,MN,0.5495294465867007,0.007884420672939669,0.0
2040,MN,0.5495294465867008,0.007903251829820263,0.0
2041,MN,0.5495294465867007,0.007920062020983797,0.0
2042,MN,0.5495294465867007,0.007936069428255662,0.0
2043,MN,0.5495294465867006,0.007950931606383918,0.0
2044,MN,0.5495294465867007,0.007964522010681051,0.0
2045,MN,0.5495294465867008,0.007976445331598952,0.0
2046,MN,0.5495294465867008,0.007987763091671526,0.0
2047,MN,0.5495294465867008,0.008000035445095277,0.0
2048,MN,0.5495294465867007,0.008012118482307718,0.0
2049,MN,0.5495294465867007,0.008024029121061432,0.0
2050,MN,0.5495294465867007,0.008034873394751878,0.0
2010,MO,0.0,0.0,0.0
2011,MO,0.013640727528767087,0.0002065012796119335,0.0
2012,MO,0.013680707874047876,0.00020731661810316132,0.0
2013,MO,0.01362288940342539,0.00020630309387740888,0.0
2014,MO,0.03399492626488512,0.0005128565070557091,0.0
2015,MO,0.03402767517913964,0.0005131376740462335,0.0
2016,MO,0.0334388257052769,0.0005020343651923748,0.0
2017,MO,0.03334057935076454,0.0005003160745118965,0.0
2018,MO,0.0661430487805018,0.000989772459522614,0.0
2019,MO,0.06605624463830141,0.0009872416611184914,0.0
2020,MO,0.06584955972183068,0.0009853581024482781,0.0
2021,MO,0.09847813095510026,0.0014696166596279753,0.0
2022,MO,0.098489331486407,0.0014647862385608534,0.0
2023,MO,0.09829923616246654,0.0014662134584295114,0.0
2024,MO,0.09830037172382418,0.0014662134584295112,0.0
2025,MO,0.09830154771343379,0.0014662134584295114,0.0
2026,MO,0.09830188172717626,0.0014662134584295114,0.0
2027,MO,0.09830241325731569,0.0014662134584295116,0.0
2028,MO,0.09830278176840335,0.0014662134584295114,0.0
2029,MO,0.09830328029673335,0.0014662134584295114,0.0
2030,MO,0.09830380537878429,0.0014662134584295114,0.0
2031,MO,0.0983043925453736,0.0014662134584295114,0.0
2032,MO,0.09830524926710375,0.0014662134584295112,0.0
2033,MO,0.09830614384860831,0.0014662134584295114,0.0
2034,MO,0.09830722966117268,0.0014662134584295116,0.0
2035,MO,0.09830833284513599,0.0014662134584295116,0.0
2036,MO,0.0983093957537742,0.0014662134584295119,0.0
2037,MO,0.09831033116857046,0.0014662134584295116,0.0
2038,MO,0.0983112079496145,0.0014662134584295119,0.0
2039,MO,0.09831206376893521,0.0014662134584295119,0.0
2040,MO,0.09831286260738928,0.001466213458429512,0.0
2041,MO,0.09831356755319626,0.001466213458429512,0.0
2042,MO,0.09831422698263116,0.0014662134584295116,0.0
2043,MO,0.09831483587815157,0.0014662134584295119,0.0
2044,MO,0.09831538817916037,0.0014662134584295123,0.0
2045,MO,0.09831587160850924,0.001466213458429512,0.0
2046,MO,0.09831632397276527,0.001466213458429512,0.0
2047,MO,0.0983168105032015,0.0014662134584295125,0.0
2048,MO,0.09831728418676623,0.0014662134584295123,0.0
2049,MO,0.0983177451493252,0.001466213458429512,0.0
2050,MO,0.09831819793751602,0.001466213458429512,0.0
2010,MT,0.07022740137216796,0.0,0.0
2011,MT,0.06992361010934009,0.0,0.0
2012,MT,0.07024690149583258,0.0,0.0
2013,MT,0.07071724422922777,0.0,0.0
2014,MT,0.07102874462715263,0.0,0.0
2015,MT,0.10732457956553682,0.0,0.0
2016,MT,0.10751634274312137,0.0,0.0
2017,MT,0.10772091475150743,0.0,0.0
2018,MT,0.10637065081547789,0.0,0.0
2019,MT,0.10204597255671542,0.0,0.0
2020,MT,0.11125620784001623,0.0,0.0
2021,MT,0.0,0.0,0.0
2022,MT,0.0,0.0,0.0
2023,MT,0.0,0.0,0.0
2024,MT,0.0,0.0,0.0
2025,MT,0.0,0.0,0.0
2026,MT,0.0,0.0,0.0
2027,MT,0.0,0.0,0.0
2028,MT,0.0,0.0,0.0
2029,MT,0.0,0.0,0.0
2030,MT,0.0,0.0,0.0
2031,MT,0.0,0.0,0.0
2032,MT,0.0,0.0,0.0
2033,MT,0.0,0.0,0.0
2034,MT,0.0,0.0,0.0
2035,MT,0.0,0.0,0.0
2036,MT,0.0,0.0,0.0
2037,MT,0.0,0.0,0.0
2038,MT,0.0,0.0,0.0
2039,MT,0.0,0.0,0.0
2040,MT,0.0,0.0,0.0
2041,MT,0.0,0.0,0.0
2042,MT,0.0,0.0,0.0
2043,MT,0.0,0.0,0.0
2044,MT,0.0,0.0,0.0
2045,MT,0.0,0.0,0.0
2046,MT,0.0,0.0,0.0
2047,MT,0.0,0.0,0.0
2048,MT,0.0,0.0,0.0
2049,MT,0.0,0.0,0.0
2050,MT,0.0,0.0,0.0
2010,NC,0.0001996493492754867,0.0001996493492754867,0.0
2011,NC,0.0002077672450730856,0.0002077672450730856,0.0
2012,NC,0.01721786520991199,0.0007151329649781571,0.0
2013,NC,0.01697897750580107,0.0006896829212504047,0.0
2014,NC,0.015591457190035058,0.0006812045427491122,0.0
2015,NC,0.03298780314767695,0.0013902191376376836,0.0
2016,NC,0.03285219219493407,0.0013919829972130584,0.0
2017,NC,0.033064162238550486,0.0014295703728251278,0.0
2018,NC,0.05715403810589468,0.001897678735801563,0.0
2019,NC,0.055484072327033736,0.0020239216132049943,0.0
2020,NC,0.05558556110845438,0.0020894501751578215,0.0
2021,NC,0.056039581584650194,0.0019190053434093054,0.0
2022,NC,0.051406631385753826,0.0019465814927996825,0.0
2023,NC,0.05138426007857346,0.002088696034409288,0.0
2024,NC,0.0495223302030992,0.0019427197139583931,0.0
2025,NC,0.04896386241536866,0.001974732152514793,0.0
2026,NC,0.048722459690323815,0.0019861900099456212,0.0
2027,NC,0.048175666824085736,0.001974289846015082,0.0
2028,NC,0.04779507743620937,0.001980067430421668,0.0
2029,NC,0.04728714644609906,0.001972612889492809,0.0
2030,NC,0.046630958389414216,0.0019733579824465918,0.0
2031,NC,0.04596905992550341,0.001971836526420504,0.0
2032,NC,0.045083778816601555,0.0019664939027634384,0.0
2033,NC,0.04366977768164884,0.0019666687261315737,0.0
2034,NC,0.042795906573523904,0.001964728356144532,0.0
2035,NC,0.04160293130078045,0.001941962411167389,0.0
2036,NC,0.04050294128375997,0.0019454017120691686,0.0
2037,NC,0.039735553821037425,0.001960326297442336,0.0
2038,NC,0.03900798276968008,0.0019612418544958715,0.0
2039,NC,0.038303391704294296,0.001961730095242705,0.0
2040,NC,0.03766574917444552,0.0019645622876638966,0.0
2041,NC,0.0371031615918963,0.00196791961581902,0.0
2042,NC,0.03659889686236945,0.0019705286420977305,0.0
2043,NC,0.036139591260512346,0.0019725469194477635,0.0
2044,NC,0.03573387822963585,0.0019751430175066016,0.0
2045,NC,0.03557205241901105,0.001988455271641163,0.0
2046,NC,0.0354693450244647,0.0019913519600965835,0.0
2047,NC,0.03509327825984972,0.0019758610465274635,0.0
2048,NC,0.03467531119072077,0.001973701107588627,0.0
2049,NC,0.0342452066412239,0.0019727859458373823,0.0
2050,NC,0.03379065292894114,0.0019710843402133264,0.0
2010,NE,0.0,0.0,0.0
2011,NE,0.0,0.0,0.0
2012,NE,0.0,0.0,0.0
2013,NE,0.0,0.0,0.0
2014,NE,0.0,0.0,0.0
2015,NE,0.0,0.0,0.0
2016,NE,0.0,0.0,0.0
2017,NE,0.0,0.0,0.0
2018,NE,0.0,0.0,0.0
2019,NE,0.0,0.0,0.0
2020,NE,0.0,0.0,0.0
2021,NE,0.0,0.0,0.0
2022,NE,0.0,0.0,0.0
2023,NE,0.0,0.0,0.0
2024,NE,0.0,0.0,0.0
2025,NE,0.0,0.0,0.0
2026,NE,0.0,0.0,0.0
2027,NE,0.0,0.0,0.0
2028,NE,0.0,0.0,0.0
2029,NE,0.0,0.0,0.0
2030,NE,0.0,0.0,0.0
2031,NE,0.0,0.0,0.0
2032,NE,0.0,0.0,0.0
2033,NE,0.0,0.0,0.0
2034,NE,0.0,0.0,0.0
2035,NE,0.0,0.0,0.0
2036,NE,0.0,0.0,0.0
2037,NE,0.0,0.0,0.0
2038,NE,0.0,0.0,0.0
2039,NE,0.0,0.0,0.0
2040,NE,0.0,0.0,0.0
2041,NE,0.0,0.0,0.0
2042,NE,0.0,0.0,0.0
2043,NE,0.0,0.0,0.0
2044,NE,0.0,0.0,0.0
2045,NE,0.0,0.0,0.0
2046,NE,0.0,0.0,0.0
2047,NE,0.0,0.0,0.0
2048,NE,0.0,0.0,0.0
2049,NE,0.0,0.0,0.0
2050,NE,0.0,0.0,0.0
2010,NH,0.0741599574510582,0.0003934215249393008,0.0
2011,NH,0.09419590487690543,0.0007866046336276027,0.0
2012,NH,0.05515828750570018,0.001490764527181086,0.0
2013,NH,0.057650464463792975,0.00198794705047562,0.0
2014,NH,0.0636055350833021,0.0029815094570297867,0.0
2015,NH,0.07055768460402527,0.0029813106170714907,0.0
2016,NH,0.07254795494562137,0.00298142280598444,0.0
2017,NH,0.15502725030086806,0.0029812932750166938,0.0
2018,NH,0.16195344430680145,0.004967897064625811,0.0
2019,NH,0.16614545236767714,0.005898655113645342,0.0
2020,NH,0.17500000000000002,0.007,0.0
2021,NH,0.18,0.006999999999999998,0.0
2022,NH,0.18500000000000003,0.007,0.0
2023,NH,0.18999999999999997,0.007,0.0
2024,NH,0.19900000000000004,0.007000000000000001,0.0
2025,NH,0.2080000000000001,0.007000000000000002,0.0
2026,NH,0.208,0.006999999999999999,0.0
2027,NH,0.208,0.006999999999999999,0.0
2028,NH,0.208,0.007000000000000001,0.0
2029,NH,0.20800000000000002,0.007000000000000001,0.0
2030,NH,0.20800000000000005,0.007000000000000001,0.0
2031,NH,0.208,0.006999999999999999,0.0
2032,NH,0.20800000000000002,0.007000000000000001,0.0
2033,NH,0.20800000000000002,0.006999999999999999,0.0
2034,NH,0.208,0.007,0.0
2035,NH,0.208,0.007,0.0
2036,NH,0.208,0.006999999999999999,0.0
2037,NH,0.20800000000000002,0.007,0.0
2038,NH,0.208,0.007,0.0
2039,NH,0.208,0.007,0.0
2040,NH,0.208,0.007,0.0
2041,NH,0.20800000000000002,0.007000000000000002,0.0
2042,NH,0.20800000000000002,0.007000000000000001,0.0
2043,NH,0.208,0.007,0.0
2044,NH,0.20800000000000002,0.007,0.0
2045,NH,0.20800000000000005,0.007,0.0
2046,NH,0.20800000000000005,0.007000000000000002,0.0
2047,NH,0.20800000000000005,0.007000000000000001,0.0
2048,NH,0.20800000000000002,0.007000000000000001,0.0
2049,NH,0.20800000000000002,0.007,0.0
2050,NH,0.20800000000000002,0.007000000000000001,0.0
2010,NJ,0.06963558133703657,0.0020779723839434356,0.0
2011,NJ,0.08489255537517408,0.0039892277293148894,0.0
2012,NJ,0.09464512149890292,0.005902344954912562,0.0
2013,NJ,0.10368550056847027,0.008011640968096046,0.0
2014,NJ,0.12442231602622093,0.020361279464656577,0.0
2015,NJ,0.1328241510893631,0.023654806292719315,0.0
2016,NJ,0.14746367748065534,0.02721827727174993,0.0
2017,NJ,0.16185498276070598,0.030376287036729305,0.0
2018,NJ,0.17166641905120966,0.030476146516719607,0.0
2019,NJ,0.21290996605692986,0.04364781187341113,0.0
2020,NJ,0.20807585566789147,0.04949317084854155,0.0
2021,NJ,0.22962040271267536,0.0498325129291338,0.0
2022,NJ,0.22876275810128605,0.04964638580070463,0.0
2023,NJ,0.254486412847383,0.052974722674353186,0.0
2024,NJ,0.28437577255586777,0.04723529781436448,0.0
2025,NJ,0.3670945591746813,0.04698810357435921,0.0
2026,NJ,0.39959787505232086,0.044399763894702314,0.0
2027,NJ,0.42531860363899165,0.04253186036389915,0.0
2028,NJ,0.4561850749161462,0.03669101462766422,0.0
2029,NJ,0.4837451771241043,0.03000197361153536,0.0
2030,NJ,0.5135106249820466,0.02161635202305377,0.0
2031,NJ,0.5135510438596936,0.015455440939015542,0.0
2032,NJ,0.5115547350892422,0.013641459602379792,0.0
2033,NJ,0.5121510657807711,0.010730784235406632,0.0
2034,NJ,0.5109925686333993,0.0,0.0
2035,NJ,0.5104051237572949,0.0,0.0
2036,NJ,0.5095649991192568,0.0,0.0
2037,NJ,0.510393173451324,0.0,0.0
2038,NJ,0.5102210025416927,0.0,0.0
2039,NJ,0.509999534389358,0.0,0.0
2040,NJ,0.5108859064968834,0.0,0.0
2041,NJ,0.5119804305757631,0.0,0.0
2042,NJ,0.5129346723506263,0.0,0.0
2043,NJ,0.513380449000148,0.0,0.0
2044,NJ,0.513917183042522,0.0,0.0
2045,NJ,0.5139196379621058,0.0,0.0
2046,NJ,0.5143966724421645,0.0,0.0
2047,NJ,0.514020718538415,0.0,0.0
2048,NJ,0.5139529919301586,0.0,0.0
2049,NJ,0.5139657580597331,0.0,0.0
2050,NJ,0.513660910254303,0.0,0.0
2010,NM,0.03978414902143466,0.0,0.0
2011,NM,0.06643895308780855,0.0,0.0
2012,NM,0.06749346637807822,0.0,0.0
2013,NM,0.06809069441840977,0.0,0.0
2014,NM,0.06766463204998359,0.0,0.0
2015,NM,0.11282388280393188,0.0,0.0
2016,NM,0.1158318891202168,0.0,0.0
2017,NM,0.11760524335866329,0.0,0.0
2018,NM,0.12076204169482434,0.0,0.0
2019,NM,0.12347984760165415,0.0,0.0
2020,NM,0.1643163673050205,0.0,0.0
2021,NM,0.16408325471096014,0.0,0.0
2022,NM,0.16315410298658548,0.0,0.0
2023,NM,0.16515093784030707,0.0,0.0
2024,NM,0.16515093784030707,0.0,0.0
2025,NM,0.3608992165391009,0.0,0.0
2026,NM,0.3608992165391009,0.0,0.0
2027,NM,0.36089921653910095,0.0,0.0
2028,NM,0.36089921653910095,0.0,0.0
2029,NM,0.36089921653910095,0.0,0.0
2030,NM,0.4511240206738761,0.0,0.0
2031,NM,0.451124020673876,0.0,0.0
2032,NM,0.45112402067387614,0.0,0.0
2033,NM,0.4511240206738761,0.0,0.0
2034,NM,0.4511240206738761,0.0,0.0
2035,NM,0.45112402067387614,0.0,0.0
2036,NM,0.4511240206738762,0.0,0.0
2037,NM,0.4511240206738762,0.0,0.0
2038,NM,0.45112402067387625,0.0,0.0
2039,NM,0.4511240206738762,0.0,0.0
2040,NM,0.6759024217904719,0.0,0.0
2041,NM,0.6759024217904718,0.0,0.0
2042,NM,0.6759024217904719,0.0,0.0
2043,NM,0.6759024217904718,0.0,0.0
2044,NM,0.6759024217904717,0.0,0.0
2045,NM,0.6759024217904719,0.0,0.0
2046,NM,0.6759024217904719,0.0,0.0
2047,NM,0.6759024217904718,0.0,0.0
2048,NM,0.6759024217904717,0.0,0.0
2049,NM,0.6759024217904718,0.0,0.0
2050,NM,0.7217984330782019,0.0,0.0
2016,NS,0.25,0.0,0.0
2017,NS,0.25,0.0,0.0
2018,NS,0.25,0.0,0.0
2019,NS,0.25,0.0,0.0
2020,NS,0.4,0.0,0.0
2021,NS,0.4,0.0,0.0
2022,NS,0.4,0.0,0.0
2023,NS,0.4,0.0,0.0
2024,NS,0.4,0.0,0.0
2025,NS,0.4,0.0,0.0
2026,NS,0.4,0.0,0.0
2027,NS,0.4,0.0,0.0
2028,NS,0.4,0.0,0.0
2029,NS,0.4,0.0,0.0
2030,NS,0.4,0.0,0.0
2031,NS,0.4,0.0,0.0
2032,NS,0.4,0.0,0.0
2033,NS,0.4,0.0,0.0
2034,NS,0.4,0.0,0.0
2035,NS,0.4,0.0,0.0
2036,NS,0.4,0.0,0.0
2037,NS,0.4,0.0,0.0
2038,NS,0.4,0.0,0.0
2039,NS,0.4,0.0,0.0
2040,NS,0.4,0.0,0.0
2041,NS,0.4,0.0,0.0
2042,NS,0.4,0.0,0.0
2043,NS,0.4,0.0,0.0
2044,NS,0.4,0.0,0.0
2045,NS,0.4,0.0,0.0
2046,NS,0.4,0.0,0.0
2047,NS,0.4,0.0,0.0
2048,NS,0.4,0.0,0.0
2049,NS,0.4,0.0,0.0
2050,NS,0.4,0.0,0.0
2010,NV,0.07344646978282957,0.0,0.0
2011,NV,0.09040190304967974,0.0,0.0
2012,NV,0.08934126805438979,0.0,0.0
2013,NV,0.10849287087807365,0.0,0.0
2014,NV,0.10819691470417739,0.0,0.0
2015,NV,0.12951924883911128,0.0,0.0
2016,NV,0.13112179804827503,0.0,0.0
2017,NV,0.13176637971828745,0.0,0.0
2018,NV,0.13274448324392507,0.0,0.0
2019,NV,0.1309247885803425,0.0,0.0
2020,NV,0.16779052768567568,0.0,0.0
2021,NV,0.1815519044548596,0.0,0.0
2022,NV,0.22837437432348917,0.0,0.0
2023,NV,0.22844008697201387,0.0,0.0
2024,NV,0.2710455120364355,0.0,0.0
2025,NV,0.30273993427282825,0.0,0.0
2026,NV,0.3028625256157811,0.0,0.0
2027,NV,0.3773489900956713,0.0,0.0
2028,NV,0.3775169527290864,0.0,0.0
2029,NV,0.37775197450091685,0.0,0.0
2030,NV,0.45229347028564926,0.0,0.0
2031,NV,0.4525690645226865,0.0,0.0
2032,NV,0.45289698826024255,0.0,0.0
2033,NV,0.4532498988826704,0.0,0.0
2034,NV,0.45363487040641803,0.0,0.0
2035,NV,0.45400244257234224,0.0,0.0
2036,NV,0.45431734801220064,0.0,0.0
2037,NV,0.45459443005470523,0.0,0.0
2038,NV,0.45485786132347505,0.0,0.0
2039,NV,0.455100000650002,0.0,0.0
2040,NV,0.4553341440559958,0.0,0.0
2041,NV,0.4555494400174567,0.0,0.0
2042,NV,0.455740808457068,0.0,0.0
2043,NV,0.4559101839091933,0.0,0.0
2044,NV,0.45606263394995994,0.0,0.0
2045,NV,0.45621488895291545,0.0,0.0
2046,NV,0.45635749386746227,0.0,0.0
2047,NV,0.45650003880615825,0.0,0.0
2048,NV,0.4566392747014538,0.0,0.0
2049,NV,0.45678228721344083,0.0,0.0
2050,NV,0.45692046269209924,0.0,0.0
2010,NY,0.23728483091845984,0.0,0.0
2011,NY,0.24863480096911797,0.0,0.0
2012,NY,0.26150470682674554,0.0,0.0
2013,NY,0.2624474929809603,0.0,0.0
2014,NY,0.2730789288720958,0.0,0.0
2015,NY,0.280684383069529,0.0,0.0
2016,NY,0.2830170663385254,0.0,0.0
2017,NY,0.2921815009087902,0.0,0.0
2018,NY,0.29105181855765305,0.0,0.0
2019,NY,0.30786191912377475,0.0,0.0
2020,NY,0.3416262551740166,0.0,0.0
2021,NY,0.35564245994773963,0.0,0.0
2022,NY,0.3622222222222222,0.0,0.0
2023,NY,0.40444444444444444,0.0,0.0
2024,NY,0.44666666666666666,0.0,0.0
2025,NY,0.4888888888888889,0.0,0.0
2026,NY,0.5311111111111111,0.0,0.0
2027,NY,0.5733333333333333,0.0,0.0
2028,NY,0.6155555555555554,0.0,0.0
2029,NY,0.6577777777777776,0.0,0.0
2030,NY,0.7,0.0,0.0
2031,NY,0.7,0.0,0.0
2032,NY,0.7,0.0,0.0
2033,NY,0.7,0.0,0.0
2034,NY,0.7,0.0,0.0
2035,NY,0.7,0.0,0.0
2036,NY,0.7,0.0,0.0
2037,NY,0.7,0.0,0.0
2038,NY,0.7,0.0,0.0
2039,NY,0.7,0.0,0.0
2040,NY,0.7,0.0,0.0
2041,NY,0.7,0.0,0.0
2042,NY,0.7,0.0,0.0
2043,NY,0.7,0.0,0.0
2044,NY,0.7000000000000001,0.0,0.0
2045,NY,0.7,0.0,0.0
2046,NY,0.7,0.0,0.0
2047,NY,0.7,0.0,0.0
2048,NY,0.6999999999999998,0.0,0.0
2049,NY,0.7,0.0,0.0
2050,NY,0.7,0.0,0.0
2010,OH,0.004336688708698854,8.673377417397709e-05,0.0
2011,OH,0.008401624934037734,0.000252048748021132,0.0
2012,OH,0.012752152434662854,0.0005100860973865141,0.0
2013,OH,0.017143045954588047,0.0007714370679564621,0.0
2014,OH,0.0218632108776936,0.0010494341221292927,0.0
2015,OH,0.02113312553059039,0.0010143900254683384,0.0
2016,OH,0.019520642664021915,0.0009369908478730518,0.0
2017,OH,0.026496953996832686,0.0011355837427214008,0.0
2018,OH,0.03284308741623373,0.0013137234966493492,0.0
2019,OH,0.043648979463995735,0.0017459591785598293,0.0
2020,OH,0.04685167846209154,0.0,0.0
2021,OH,0.048371093358850314,0.0,0.0
2022,OH,0.04929055618995632,0.0,0.0
2023,OH,0.05218930189624263,0.0,0.0
2024,OH,0.053175186321234115,0.0,0.0
2025,OH,0.05617999394023778,0.0,0.0
2026,OH,0.06019728060735079,0.0,0.0
2027,OH,0.0,0.0,0.0
2028,OH,0.0,0.0,0.0
2029,OH,0.0,0.0,0.0
2030,OH,0.0,0.0,0.0
2031,OH,0.0,0.0,0.0
2032,OH,0.0,0.0,0.0
2033,OH,0.0,0.0,0.0
2034,OH,0.0,0.0,0.0
2035,OH,0.0,0.0,0.0
2036,OH,0.0,0.0,0.0
2037,OH,0.0,0.0,0.0
2038,OH,0.0,0.0,0.0
2039,OH,0.0,0.0,0.0
2040,OH,0.0,0.0,0.0
2041,OH,0.0,0.0,0.0
2042,OH,0.0,0.0,0.0
2043,OH,0.0,0.0,0.0
2044,OH,0.0,0.0,0.0
2045,OH,0.0,0.0,0.0
2046,OH,0.0,0.0,0.0
2047,OH,0.0,0.0,0.0
2048,OH,0.0,0.0,0.0
2049,OH,0.0,0.0,0.0
2050,OH,0.0,0.0,0.0
2010,OR,0.0,0.0,0.0
2011,OR,0.034395088291336244,0.0,0.0
2012,OR,0.0344372627163964,0.0,0.0
2013,OR,0.034379962553546355,0.0,0.0
2014,OR,0.03435569455140335,0.0,0.0
2015,OR,0.10311668982289211,0.00025269241840871116,0.0
2016,OR,0.10192198799863567,0.000252236817604526,0.0
2017,OR,0.09995741898547947,0.0002386509575177606,0.0
2018,OR,0.09893496145879216,0.0002421308222866728,0.0
2019,OR,0.0977743992761762,0.0002369409095020015,0.0
2020,OR,0.135196356701486,0.00023407615723106828,0.0
2021,OR,0.13330891779568121,0.0002205963538626334,0.0
2022,OR,0.13133359569443892,0.000212005665454614,0.0
2023,OR,0.1291240252290816,0.00020594183536071467,0.0
2024,OR,0.12912647131918156,0.00020349574526074503,0.0
2025,OR,0.1743895792939927,0.00020587624300438858,0.0
2026,OR,0.17439078873361716,0.00020466680337997726,0.0
2027,OR,0.17439513568168236,0.00020031985531476066,0.0
2028,OR,0.17439865735762164,0.00019679817937545566,0.0
2029,OR,0.17440212305602396,0.00019333248097309062,0.0
2030,OR,0.2261376984695882,0.00018974389318577196,0.0
2031,OR,0.2261410545685833,0.00018638779419067475,0.0
2032,OR,0.22614563014625633,0.00018181221651764103,0.0
2033,OR,0.2261504739486349,0.00017696841413905462,0.0
2034,OR,0.22615578567026595,0.00017165669250803324,0.0
2035,OR,0.290825998811691,0.000166427083304157,0.0
2036,OR,0.2908305669960673,0.00016185889892788384,0.0
2037,OR,0.2908346508666225,0.00015777502837267934,0.0
2038,OR,0.2908385545346822,0.00015387136031298307,0.0
2039,OR,0.2908422498838237,0.00015017601117153204,0.0
2040,OR,0.32317822586243833,0.00014669179866744493,0.0
2041,OR,0.3231813048229639,0.00014361283814186848,0.0
2042,OR,0.3231840191956888,0.00014089846541700157,0.0
2043,OR,0.32318636350097335,0.00013855416013248853,0.0
2044,OR,0.3231885548679919,0.0001363627931138582,0.0
2045,OR,0.3231906938291294,0.00013422383197644303,0.0
2046,OR,0.323192613095734,0.00013230456537180428,0.0
2047,OR,0.3231945678877318,0.0001303497733739847,0.0
2048,OR,0.3231964802532142,0.0001284374078916895,0.0
2049,OR,0.32319837015873426,0.00012654750237156345,0.0
2050,OR,0.3232001824713504,0.000124735189755399,0.0
2010,PA,0.003136563366786791,1.5055504160576596e-05,0.0
2011,PA,0.02921356090180766,0.00019767842876889852,0.0
2012,PA,0.03495021000882838,0.00032453766436769195,0.0
2013,PA,0.038657367715710066,0.0004928814383753034,0.0
2014,PA,0.04381243652216992,0.0008178321484138384,0.0
2015,PA,0.04891061411301671,0.0014086256864548812,0.0
2016,PA,0.054039215401548796,0.0024563279727976726,0.0
2017,PA,0.059507365278132225,0.002908918372679364,0.0
2018,PA,0.060856987572849644,0.0031832885807336745,0.0
2019,PA,0.06984917681552229,0.0038915969940076698,0.0
2020,PA,0.07570123280143332,0.004474447533450052,0.0
2021,PA,0.07619186928654406,0.004761991830409004,0.0
2022,PA,0.07729600844022669,0.00483100052751417,0.0
2023,PA,0.08180890183418114,0.0051130563646363215,0.0
2024,PA,0.07622659027813336,0.004764161892383334,0.0
2025,PA,0.07717641506355805,0.004823525941472379,0.0
2026,PA,0.0777868290658179,0.004861676816613619,0.0
2027,PA,0.07708378716694683,0.004817736697934177,0.0
2028,PA,0.0773438952594047,0.004833993453712793,0.0
2029,PA,0.07704587122172085,0.004815366951357554,0.0
2030,PA,0.07711308035078317,0.004819567521923948,0.0
2031,PA,0.07711914998986762,0.004819946874366727,0.0
2032,PA,0.07681936745152938,0.0048012104657205856,0.0
2033,PA,0.07690891749060227,0.004806807343162641,0.0
2034,PA,0.07673494780182603,0.004795934237614126,0.0
2035,PA,0.07664673213163557,0.004790420758227224,0.0
2036,PA,0.07652057194026667,0.0047825357462666675,0.0
2037,PA,0.07664493757304279,0.004790308598315174,0.0
2038,PA,0.07661908293918994,0.004788692683699372,0.0
2039,PA,0.07658582541618013,0.004786614088511258,0.0
2040,PA,0.07671893051707399,0.004794933157317124,0.0
2041,PA,0.07688329347108971,0.004805205841943108,0.0
2042,PA,0.07702659045284484,0.004814161903302802,0.0
2043,PA,0.07709353202896949,0.004818345751810593,0.0
2044,PA,0.07717413253326877,0.004823383283329297,0.0
2045,PA,0.07717450118466934,0.004823406324041836,0.0
2046,PA,0.07724613669988806,0.004827883543743004,0.0
2047,PA,0.07718968029533162,0.004824355018458224,0.0
2048,PA,0.07717950989742692,0.0048237193685891815,0.0
2049,PA,0.07718142696696306,0.004823839185435191,0.0
2050,PA,0.077135648453002,0.004820978028312625,0.0
2010,RI,0.04469083666881347,0.0,0.0
2011,RI,0.05461689871993502,0.0,0.0
2012,RI,0.06453685712113667,0.0,0.0
2013,RI,0.07443990403954598,0.0,0.0
2014,RI,0.0843676521999439,0.0,0.0
2015,RI,0.08437379366077134,0.0,0.0
2016,RI,0.0992454902060857,0.0,0.0
2017,RI,0.11416055483311661,0.0,0.0
2018,RI,0.12903615163603996,0.0,0.0
2019,RI,0.14366731724487214,0.0,0.0
2020,RI,0.15852734557801662,0.0,0.0
2021,RI,0.17337969683883162,0.0,0.0
2022,RI,0.18825024307427243,0.0,0.0
2023,RI,0.22783938968870973,0.0,0.0
2024,RI,0.277369691794951,0.0,0.0
2025,RI,0.3368060543224405,0.0,0.0
2026,RI,0.4061484772711782,0.0,0.0
2027,RI,0.47549090021991597,0.0,0.0
2028,RI,0.5497863533792778,0.0,0.0
2029,RI,0.6290348367492637,0.0,0.0
2030,RI,0.7132363503298739,0.0,0.0
2031,RI,0.802390894121108,0.0,0.0
2032,RI,0.8964984681229663,0.0,0.0
2033,RI,0.9906060421248245,0.0,0.0
2034,RI,0.9906060421248248,0.0,0.0
2035,RI,0.9906060421248246,0.0,0.0
2036,RI,0.9906060421248246,0.0,0.0
2037,RI,0.9906060421248248,0.0,0.0
2038,RI,0.9906060421248246,0.0,0.0
2039,RI,0.9906060421248247,0.0,0.0
2040,RI,0.990606042124825,0.0,0.0
2041,RI,0.9906060421248247,0.0,0.0
2042,RI,0.9906060421248245,0.0,0.0
2043,RI,0.9906060421248247,0.0,0.0
2044,RI,0.9906060421248245,0.0,0.0
2045,RI,0.9906060421248245,0.0,0.0
2046,RI,0.9906060421248247,0.0,0.0
2047,RI,0.9906060421248244,0.0,0.0
2048,RI,0.9906060421248245,0.0,0.0
2049,RI,0.9906060421248245,0.0,0.0
2050,RI,0.9906060421248245,0.0,0.0
2010,TX,0.024811232771339318,0.0,0.0
2011,TX,0.030780576058194842,0.0,0.0
2012,TX,0.0332717320751753,0.0,0.0
2013,TX,0.040226729700819856,0.0,0.0
2014,TX,0.03996685624003135,0.0,0.0
2015,TX,0.044409524247889874,0.0,0.0
2016,TX,0.04525942333090449,0.0,0.0
2017,TX,0.04490067268522177,0.0,0.0
2018,TX,0.042516356354198453,0.0,0.0
2019,TX,0.04203036348200505,0.0,0.0
2020,TX,0.04227682266712841,0.0,0.0
2021,TX,0.04142922236174654,0.0,0.0
2022,TX,0.03796554747870089,0.0,0.0
2023,TX,0.03662610724703794,0.0,0.0
2024,TX,0.03646951964190367,0.0,0.0
2025,TX,0.0,0.0,0.0
2026,TX,0.0,0.0,0.0
2027,TX,0.0,0.0,0.0
2028,TX,0.0,0.0,0.0
2029,TX,0.0,0.0,0.0
2030,TX,0.0,0.0,0.0
2031,TX,0.0,0.0,0.0
2032,TX,0.0,0.0,0.0
2033,TX,0.0,0.0,0.0
2034,TX,0.0,0.0,0.0
2035,TX,0.0,0.0,0.0
2036,TX,0.0,0.0,0.0
2037,TX,0.0,0.0,0.0
2038,TX,0.0,0.0,0.0
2039,TX,0.0,0.0,0.0
2040,TX,0.0,0.0,0.0
2041,TX,0.0,0.0,0.0
2042,TX,0.0,0.0,0.0
2043,TX,0.0,0.0,0.0
2044,TX,0.0,0.0,0.0
2045,TX,0.0,0.0,0.0
2046,TX,0.0,0.0,0.0
2047,TX,0.0,0.0,0.0
2048,TX,0.0,0.0,0.0
2049,TX,0.0,0.0,0.0
2050,TX,0.0,0.0,0.0
2010,VA,0.0,0.0,0.0
2011,VA,0.0,0.0,0.0
2012,VA,0.0,0.0,0.0
2013,VA,0.0,0.0,0.0
2014,VA,0.0,0.0,0.0
2015,VA,0.0,0.0,0.0
2016,VA,0.0,0.0,0.0
2017,VA,0.0,0.0,0.0
2018,VA,0.0,0.0,0.0
2019,VA,0.0,0.0,0.0
2020,VA,0.0,0.0,0.0
2021,VA,0.06426965730357628,0.0,0.0
2022,VA,0.07954696659798961,0.0,0.0
2023,VA,0.09299808186778359,0.0,0.0
2024,VA,0.10884849849632645,0.0,0.0
2025,VA,0.12613703539576773,0.0,0.0
2026,VA,0.14211540339699597,0.0,0.0
2027,VA,0.15870032211376844,0.0,0.0
2028,VA,0.17615482442114425,0.0,0.0
2029,VA,0.19316801928970911,0.0,0.0
2030,VA,0.21024155771846417,0.0,0.0
2031,VA,0.2319715559712431,0.0,0.0
2032,VA,0.2541044523002289,0.0,0.0
2033,VA,0.2718844635366113,0.0,0.0
2034,VA,0.28986317202114115,0.0,0.0
2035,VA,0.3126812218079819,0.0,0.0
2036,VA,0.340608292990343,0.0,0.0
2037,VA,0.3612757254517242,0.0,0.0
2038,VA,0.3859402671584385,0.0,0.0
2039,VA,0.41082305711690054,0.0,0.0
2040,VA,0.4357295470721576,0.0,0.0
2041,VA,0.4596592467790079,0.0,0.0
2042,VA,0.4835601736979291,0.0,0.0
2043,VA,0.5074772928301834,0.0,0.0
2044,VA,0.5313697980260591,0.0,0.0
2045,VA,0.5601597296116901,0.0,0.0
2046,VA,0.5656827825023848,0.0,0.0
2047,VA,0.5712920668287549,0.0,0.0
2048,VA,0.5770195795586764,0.0,0.0
2049,VA,0.5827896243789663,0.0,0.0
2050,VA,0.5886527381791022,0.0,0.0
2010,VT,0.0,0.0,0.0
2011,VT,0.0,0.0,0.0
2012,VT,0.0,0.0,0.0
2013,VT,0.0,0.0,0.0
2014,VT,0.0,0.0,0.0
2015,VT,0.0,0.0,0.0
2016,VT,0.0,0.0,0.0
2017,VT,0.5500000000000002,0.0,0.0
2018,VT,0.55,0.0,0.0
2019,VT,0.55,0.0,0.0
2020,VT,0.5900000000000001,0.0,0.0
2021,VT,0.5900000000000001,0.0,0.0
2022,VT,0.5900000000000001,0.0,0.0
2023,VT,0.6300000000000001,0.0,0.0
2024,VT,0.6300000000000001,0.0,0.0
2025,VT,0.6300000000000002,0.0,0.0
2026,VT,0.6700000000000003,0.0,0.0
2027,VT,0.6723914501931153,0.0,0.0
2028,VT,0.6747829003862305,0.0,0.0
2029,VT,0.7147829003862305,0.0,0.0
2030,VT,0.9898363366792605,0.0,0.0
2031,VT,0.9922277868723757,0.0,0.0
2032,VT,0.9946192370654909,0.0,0.0
2033,VT,0.9970106872586061,0.0,0.0
2034,VT,1.0,0.0,0.0
2035,VT,1.0,0.0,0.0
2036,VT,1.0,0.0,0.0
2037,VT,1.0,0.0,0.0
2038,VT,1.0,0.0,0.0
2039,VT,1.0,0.0,0.0
2040,VT,1.0,0.0,0.0
2041,VT,1.0,0.0,0.0
2042,VT,1.0,0.0,0.0
2043,VT,1.0,0.0,0.0
2044,VT,1.0,0.0,0.0
2045,VT,1.0,0.0,0.0
2046,VT,1.0,0.0,0.0
2047,VT,1.0,0.0,0.0
2048,VT,1.0,0.0,0.0
2049,VT,1.0,0.0,0.0
2050,VT,1.0,0.0,0.0
2010,WA,0.0,0.0,0.0
2011,WA,0.0,0.0,0.0
2012,WA,0.02404629506759907,0.0,0.0
2013,WA,0.02379725676572472,0.0,0.0
2014,WA,0.024032808826163665,0.0,0.0
2015,WA,0.024398893992230705,0.0,0.0
2016,WA,0.07404772513203363,0.0,0.0
2017,WA,0.07162421163904373,0.0,0.0
2018,WA,0.07454606502033795,0.0,0.0
2019,WA,0.07423667387355753,0.0,0.0
2020,WA,0.1284886411136468,0.0,0.0
2021,WA,0.12683690076839,0.0,0.0
2022,WA,0.12571435287054947,0.0,0.0
2023,WA,0.1319502774020865,0.0,0.0
2024,WA,0.1314049829845176,0.0,0.0
2025,WA,0.1321056772756463,0.0,0.0
2026,WA,0.13111843674705193,0.0,0.0
2027,WA,0.1279643099949448,0.0,0.0
2028,WA,0.1274530375171659,0.0,0.0
2029,WA,0.12768478867304342,0.0,0.0
2030,WA,0.1275592012599034,0.0,0.0
2031,WA,0.12761155684481437,0.0,0.0
2032,WA,0.12677613557841338,0.0,0.0
2033,WA,0.1260662479467251,0.0,0.0
2034,WA,0.12549623888733938,0.0,0.0
2035,WA,0.12522353641260256,0.0,0.0
2036,WA,0.12558447980603887,0.0,0.0
2037,WA,0.12606363437517493,0.0,0.0
2038,WA,0.12626867321617918,0.0,0.0
2039,WA,0.12639398450197553,0.0,0.0
2040,WA,0.12654603159231054,0.0,0.0
2041,WA,0.1268848517133306,0.0,0.0
2042,WA,0.12729781181795655,0.0,0.0
2043,WA,0.12772601692768018,0.0,0.0
2044,WA,0.1279788050990659,0.0,0.0
2045,WA,0.12804879584066656,0.0,0.0
2046,WA,0.12823761617041177,0.0,0.0
2047,WA,0.12826527778328162,0.0,0.0
2048,WA,0.12824805933411526,0.0,0.0
2049,WA,0.12824910035950907,0.0,0.0
2050,WA,0.12829749107137917,0.0,0.0
2010,WI,0.060422476783616216,0.0,0.0
2011,WI,0.05980347848357236,0.0,0.0
2012,WI,0.059183438440722755,0.0,0.0
2013,WI,0.05991748796559646,0.0,0.0
2014,WI,0.05935863706152205,0.0,0.0
2015,WI,0.10050556307352303,0.0,0.0
2016,WI,0.09895220607196913,0.0,0.0
2017,WI,0.10033419588156683,0.0,0.0
2018,WI,0.0974895629205181,0.0,0.0
2019,WI,0.10111537640369074,0.0,0.0
2020,WI,0.10338840724809528,0.0,0.0
2021,WI,0.09964789542692282,0.0,0.0
2022,WI,0.09827933327452386,0.0,0.0
2023,WI,0.10051169073772005,0.0,0.0
2024,WI,0.10063575021770911,0.0,0.0
2025,WI,0.09838730815677751,0.0,0.0
2026,WI,0.09909285170700863,0.0,0.0
2027,WI,0.09896487577263846,0.0,0.0
2028,WI,0.09918727585400725,0.0,0.0
2029,WI,0.0985421898218479,0.0,0.0
2030,WI,0.09828949655103633,0.0,0.0
2031,WI,0.09800575434988576,0.0,0.0
2032,WI,0.09741568654389463,0.0,0.0
2033,WI,0.09693833127526137,0.0,0.0
2034,WI,0.0962594944993457,0.0,0.0
2035,WI,0.09589719550062437,0.0,0.0
2036,WI,0.09583954723502724,0.0,0.0
2037,WI,0.09613100693695222,0.0,0.0
2038,WI,0.09639537783779824,0.0,0.0
2039,WI,0.09656337969840434,0.0,0.0
2040,WI,0.09670876141535832,0.0,0.0
2041,WI,0.09693073455234441,0.0,0.0
2042,WI,0.09710693003481322,0.0,0.0
2043,WI,0.09726838645711695,0.0,0.0
2044,WI,0.09743409113749915,0.0,0.0
2045,WI,0.09766040575548594,0.0,0.0
2046,WI,0.09782589934679091,0.0,0.0
2047,WI,0.09780011962987877,0.0,0.0
2048,WI,0.09775300828094846,0.0,0.0
2049,WI,0.09772641953386793,0.0,0.0
2050,WI,0.09781931686645826,0.0,0.0
2010,voluntary,0.009908481184206461,0.0,0.0
2011,voluntary,0.01197993302388471,0.0,0.0
2012,voluntary,0.014648491748374933,0.0,0.0
2013,voluntary,0.017266320715283494,0.0,0.0
2014,voluntary,0.018815105066964242,0.0,0.0
2015,voluntary,0.022365087829517072,0.0,0.0
2016,voluntary,0.025203011521951927,0.0,0.0
2017,voluntary,0.029991446140991036,0.0,0.0
2018,voluntary,0.03618759746054651,0.0,0.0
2019,voluntary,0.04433219070977041,0.0,0.0
2020,voluntary,0.05384000863993831,0.0,0.0
2021,voluntary,0.06461230114107057,0.0,0.0
2022,voluntary,0.07151706371862963,0.0,0.0
2023,voluntary,0.08253661057704112,0.0,0.0
2024,voluntary,0.08408539492872187,0.0,0.0
2025,voluntary,0.08563417928040262,0.0,0.0
2026,voluntary,0.08718296363208336,0.0,0.0
2027,voluntary,0.08873174798376411,0.0,0.0
2028,voluntary,0.09028053233544486,0.0,0.0
2029,voluntary,0.0918293166871256,0.0,0.0
2030,voluntary,0.09337810103880635,0.0,0.0
2031,voluntary,0.0949268853904871,0.0,0.0
2032,voluntary,0.09647566974216785,0.0,0.0
2033,voluntary,0.0980244540938486,0.0,0.0
2034,voluntary,0.09957323844552934,0.0,0.0
2035,voluntary,0.1011220227972101,0.0,0.0
2036,voluntary,0.10267080714889085,0.0,0.0
2037,voluntary,0.10421959150057158,0.0,0.0
2038,voluntary,0.10576837585225234,0.0,0.0
2039,voluntary,0.10731716020393309,0.0,0.0
2040,voluntary,0.10886594455561384,0.0,0.0
2041,voluntary,0.11041472890729459,0.0,0.0
2042,voluntary,0.11196351325897533,0.0,0.0
2043,voluntary,0.11351229761065608,0.0,0.0
2044,voluntary,0.11506108196233683,0.0,0.0
2045,voluntary,0.11660986631401757,0.0,0.0
2046,voluntary,0.11815865066569832,0.0,0.0
2047,voluntary,0.11970743501737907,0.0,0.0
2048,voluntary,0.12125621936905982,0.0,0.0
2049,voluntary,0.12280500372074057,0.0,0.0
2050,voluntary,0.12435378807242131,0.0,0.0
